"cellid","y.1","y.2","y.3","y.4","y.5","nvisits.1","nvisits.2","nvisits.3","nvisits.4","nvisits.5","x.loc","y.loc"
2,3,0,0,0,0,5,3,4,1,4,4.5,1.5
5,1,0,0,0,0,5,1,4,2,3,13.5,1.5
6,NA,NA,4,NA,0,NA,NA,5,NA,3,16.5,1.5
7,0,2,NA,0,0,1,3,NA,2,1,19.5,1.5
9,0,0,0,2,0,1,5,3,4,1,25.5,1.5
23,0,NA,0,NA,0,5,NA,4,NA,5,67.5,1.5
31,0,0,0,0,0,3,1,2,2,5,91.5,1.5
33,0,0,0,NA,0,1,5,5,NA,2,97.5,1.5
38,NA,0,0,0,0,NA,4,2,1,2,112.5,1.5
40,NA,2,0,0,0,NA,3,2,4,1,118.5,1.5
47,0,0,0,1,0,3,5,5,5,5,139.5,1.5
48,0,2,0,0,0,1,5,1,3,3,142.5,1.5
54,0,1,NA,NA,2,3,5,NA,NA,5,160.5,1.5
61,0,NA,0,0,0,1,NA,1,4,1,181.5,1.5
66,0,0,0,0,0,5,4,3,3,1,196.5,1.5
70,0,0,0,0,NA,4,5,2,4,NA,208.5,1.5
72,0,0,0,NA,0,2,5,1,NA,3,214.5,1.5
73,NA,0,0,0,0,NA,1,4,3,3,217.5,1.5
76,NA,0,0,0,0,NA,1,3,3,3,226.5,1.5
87,0,0,0,0,0,5,4,1,2,5,259.5,1.5
92,0,0,0,0,0,3,1,4,2,3,274.5,1.5
93,0,0,0,0,NA,2,3,2,1,NA,277.5,1.5
95,0,NA,0,NA,0,3,NA,2,NA,3,283.5,1.5
100,NA,0,NA,0,0,NA,5,NA,1,4,298.5,1.5
101,1,0,0,0,NA,5,2,1,4,NA,1.5,4.5
102,1,2,0,3,NA,1,2,3,3,NA,4.5,4.5
116,2,0,0,NA,0,2,4,1,NA,4,46.5,4.5
119,0,NA,0,0,0,3,NA,2,3,1,55.5,4.5
121,1,0,1,NA,NA,4,1,1,NA,NA,61.5,4.5
123,NA,0,0,NA,0,NA,1,4,NA,4,67.5,4.5
130,NA,1,0,0,0,NA,3,2,5,4,88.5,4.5
131,0,1,0,0,0,5,3,1,4,1,91.5,4.5
136,NA,1,0,0,0,NA,3,5,3,5,106.5,4.5
139,NA,0,0,0,0,NA,2,2,4,1,115.5,4.5
149,0,0,0,0,0,3,2,4,2,5,145.5,4.5
151,0,0,1,0,0,4,3,4,3,3,151.5,4.5
155,0,0,0,NA,0,3,1,3,NA,3,163.5,4.5
158,0,0,NA,0,1,2,3,NA,2,3,172.5,4.5
159,0,0,NA,0,0,2,3,NA,4,3,175.5,4.5
164,0,0,0,NA,0,1,4,3,NA,5,190.5,4.5
168,0,0,0,0,0,3,2,4,2,4,202.5,4.5
169,0,NA,0,0,NA,5,NA,1,1,NA,205.5,4.5
172,0,NA,NA,0,0,2,NA,NA,1,3,214.5,4.5
176,0,0,0,0,NA,4,1,5,5,NA,226.5,4.5
188,0,0,0,0,NA,4,3,1,4,NA,262.5,4.5
190,0,NA,0,0,0,1,NA,5,1,4,268.5,4.5
191,0,0,0,0,0,3,4,4,5,1,271.5,4.5
194,0,0,0,0,0,4,5,2,1,1,280.5,4.5
195,NA,0,0,0,NA,NA,1,2,5,NA,283.5,4.5
204,0,NA,0,2,NA,1,NA,3,5,NA,10.5,7.5
205,3,0,3,1,NA,5,4,3,2,NA,13.5,7.5
207,1,0,0,0,NA,1,3,3,5,NA,19.5,7.5
210,4,NA,0,0,0,4,NA,3,2,2,28.5,7.5
213,0,4,NA,0,0,4,4,NA,2,1,37.5,7.5
217,NA,NA,NA,0,0,NA,NA,NA,3,3,49.5,7.5
220,0,0,0,NA,0,3,5,3,NA,1,58.5,7.5
230,0,0,0,0,0,5,5,1,2,1,88.5,7.5
231,0,0,0,0,0,3,5,1,2,1,91.5,7.5
232,NA,0,NA,0,2,NA,2,NA,4,4,94.5,7.5
235,0,NA,0,0,0,3,NA,2,3,3,103.5,7.5
245,NA,0,NA,0,NA,NA,1,NA,3,NA,133.5,7.5
250,0,0,0,0,0,1,3,3,3,4,148.5,7.5
258,0,NA,0,0,0,4,NA,4,1,2,172.5,7.5
260,0,0,0,0,0,4,5,2,1,5,178.5,7.5
262,0,NA,0,0,0,2,NA,4,4,4,184.5,7.5
266,0,0,0,NA,0,2,5,2,NA,4,196.5,7.5
270,0,0,0,0,0,3,1,1,5,5,208.5,7.5
271,0,NA,0,0,0,2,NA,3,3,5,211.5,7.5
272,0,0,0,0,0,2,1,1,4,4,214.5,7.5
280,0,NA,0,0,0,4,NA,1,1,3,238.5,7.5
281,0,0,0,0,0,4,1,2,4,1,241.5,7.5
290,0,NA,0,0,0,1,NA,2,3,4,268.5,7.5
305,0,0,0,0,0,3,3,3,2,1,13.5,10.5
306,0,NA,0,NA,0,5,NA,3,NA,1,16.5,10.5
307,1,4,0,3,0,1,4,3,5,4,19.5,10.5
310,NA,0,0,0,NA,NA,2,1,4,NA,28.5,10.5
318,0,0,0,0,0,4,4,3,2,4,52.5,10.5
321,0,3,NA,NA,NA,1,4,NA,NA,NA,61.5,10.5
323,0,NA,0,NA,0,5,NA,3,NA,2,67.5,10.5
330,0,0,NA,0,0,1,5,NA,2,3,88.5,10.5
331,0,1,0,0,0,5,4,5,4,3,91.5,10.5
334,0,0,1,1,2,5,1,3,5,2,100.5,10.5
335,0,0,1,NA,0,4,4,2,NA,1,103.5,10.5
338,0,1,0,0,0,3,5,3,2,2,112.5,10.5
344,0,NA,0,0,0,5,NA,3,1,4,130.5,10.5
347,0,0,0,NA,0,3,2,1,NA,5,139.5,10.5
351,0,0,NA,1,0,3,3,NA,3,2,151.5,10.5
352,NA,0,NA,0,0,NA,5,NA,3,3,154.5,10.5
362,0,NA,NA,0,0,5,NA,NA,5,2,184.5,10.5
370,0,NA,0,NA,0,5,NA,1,NA,2,208.5,10.5
371,NA,0,0,0,0,NA,3,5,2,1,211.5,10.5
386,0,0,0,0,NA,1,1,4,4,NA,256.5,10.5
390,NA,NA,0,0,0,NA,NA,5,2,2,268.5,10.5
396,0,0,0,0,0,2,2,4,3,5,286.5,10.5
404,0,0,0,2,0,4,5,5,3,4,10.5,13.5
407,4,0,NA,0,4,5,5,NA,5,4,19.5,13.5
408,NA,1,3,0,0,NA,1,5,2,3,22.5,13.5
412,0,5,NA,NA,0,2,5,NA,NA,4,34.5,13.5
414,0,0,0,0,NA,2,2,2,3,NA,40.5,13.5
417,0,4,1,3,0,1,4,1,3,1,49.5,13.5
420,0,0,NA,3,0,1,5,NA,3,1,58.5,13.5
424,NA,3,0,0,0,NA,5,1,5,2,70.5,13.5
426,NA,3,0,0,NA,NA,5,1,3,NA,76.5,13.5
429,0,0,0,0,NA,3,1,1,1,NA,85.5,13.5
434,0,0,NA,0,0,2,5,NA,3,1,100.5,13.5
438,0,0,0,0,NA,5,4,1,1,NA,112.5,13.5
439,0,0,1,0,0,4,1,2,1,4,115.5,13.5
443,NA,0,NA,0,0,NA,3,NA,5,3,127.5,13.5
456,0,NA,0,NA,0,4,NA,3,NA,3,166.5,13.5
463,0,0,0,0,0,2,1,4,1,2,187.5,13.5
465,0,0,0,0,0,4,3,1,1,2,193.5,13.5
470,0,NA,0,0,0,1,NA,1,3,5,208.5,13.5
476,NA,0,0,NA,0,NA,1,3,NA,4,226.5,13.5
480,0,0,0,0,0,5,5,4,2,4,238.5,13.5
481,0,0,0,NA,0,5,4,4,NA,5,241.5,13.5
492,0,0,0,0,0,3,5,1,5,3,274.5,13.5
496,0,NA,0,NA,0,4,NA,5,NA,1,286.5,13.5
497,NA,0,NA,0,0,NA,2,NA,2,4,289.5,13.5
506,4,3,5,2,0,4,5,5,5,2,16.5,16.5
507,4,0,0,0,0,5,4,4,4,5,19.5,16.5
513,0,4,0,5,NA,4,5,4,5,NA,37.5,16.5
515,NA,NA,0,0,0,NA,NA,3,5,1,43.5,16.5
527,0,0,2,0,NA,3,3,2,2,NA,79.5,16.5
535,0,0,NA,0,NA,2,1,NA,2,NA,103.5,16.5
538,0,0,0,0,NA,5,5,3,3,NA,112.5,16.5
542,0,1,0,NA,0,4,2,5,NA,5,124.5,16.5
552,1,0,1,NA,0,5,1,5,NA,3,154.5,16.5
553,1,0,0,1,0,2,4,2,5,1,157.5,16.5
555,0,0,0,NA,0,4,5,2,NA,5,163.5,16.5
558,0,1,NA,0,0,5,3,NA,5,4,172.5,16.5
569,0,0,0,NA,NA,5,3,5,NA,NA,205.5,16.5
592,0,0,NA,0,0,3,4,NA,1,1,274.5,16.5
593,0,NA,NA,NA,0,5,NA,NA,NA,4,277.5,16.5
604,NA,2,0,2,0,NA,2,3,4,1,10.5,19.5
607,0,4,0,1,0,2,4,4,1,2,19.5,19.5
628,0,0,3,3,0,1,4,4,5,5,82.5,19.5
656,NA,0,0,NA,0,NA,5,4,NA,3,166.5,19.5
659,NA,0,NA,0,0,NA,4,NA,5,5,175.5,19.5
660,0,NA,0,0,0,4,NA,4,2,1,178.5,19.5
675,NA,0,0,0,0,NA,5,3,4,3,223.5,19.5
688,0,0,0,0,0,5,2,3,4,2,262.5,19.5
689,0,0,0,0,0,5,3,1,1,2,265.5,19.5
690,0,NA,0,0,0,1,NA,1,1,3,268.5,19.5
694,0,0,0,0,0,5,1,5,3,4,280.5,19.5
715,0,0,0,3,0,3,3,2,5,1,43.5,22.5
720,0,0,0,0,0,1,5,3,1,5,58.5,22.5
722,NA,5,0,0,0,NA,5,2,5,4,64.5,22.5
730,0,1,1,0,0,2,5,5,4,1,88.5,22.5
731,0,0,0,0,0,2,5,1,4,1,91.5,22.5
732,0,0,0,0,2,2,2,5,1,4,94.5,22.5
733,NA,NA,0,NA,0,NA,NA,2,NA,5,97.5,22.5
735,0,0,1,0,0,1,5,3,4,4,103.5,22.5
739,0,0,0,0,0,3,5,2,2,3,115.5,22.5
741,0,0,0,NA,0,2,4,4,NA,1,121.5,22.5
746,NA,0,0,2,NA,NA,3,5,5,NA,136.5,22.5
753,0,0,0,0,NA,5,5,3,4,NA,157.5,22.5
755,NA,NA,0,0,0,NA,NA,2,5,4,163.5,22.5
764,0,0,0,0,NA,1,2,2,5,NA,190.5,22.5
771,0,0,0,NA,NA,5,5,2,NA,NA,211.5,22.5
773,0,0,0,0,NA,5,1,1,1,NA,217.5,22.5
779,0,0,0,0,0,4,5,4,5,1,235.5,22.5
780,NA,0,NA,0,0,NA,3,NA,3,2,238.5,22.5
781,0,0,0,0,0,2,3,3,1,5,241.5,22.5
784,0,NA,0,NA,0,3,NA,4,NA,5,250.5,22.5
787,0,NA,0,NA,0,4,NA,4,NA,1,259.5,22.5
794,0,0,0,0,0,3,4,2,2,2,280.5,22.5
797,0,0,0,0,0,5,3,5,5,3,289.5,22.5
798,0,0,0,0,0,4,2,2,5,4,292.5,22.5
803,0,0,0,0,0,3,4,2,1,4,7.5,25.5
810,0,0,0,2,0,2,3,3,2,1,28.5,25.5
814,0,2,0,0,0,4,2,5,5,4,40.5,25.5
818,0,0,2,0,0,2,4,3,4,5,52.5,25.5
820,0,0,0,0,NA,3,2,1,2,NA,58.5,25.5
826,0,2,NA,0,0,4,4,NA,4,1,76.5,25.5
832,1,1,0,0,0,5,5,5,3,5,94.5,25.5
836,NA,NA,NA,0,0,NA,NA,NA,2,5,106.5,25.5
840,0,2,NA,0,0,1,5,NA,2,2,118.5,25.5
849,0,0,0,0,0,4,3,5,1,3,145.5,25.5
858,NA,0,0,0,NA,NA,5,4,2,NA,172.5,25.5
861,0,0,0,0,0,4,5,5,2,5,181.5,25.5
863,0,0,2,NA,0,2,4,5,NA,2,187.5,25.5
866,0,0,0,0,NA,4,1,4,1,NA,196.5,25.5
871,0,0,0,0,0,4,4,1,1,2,211.5,25.5
872,0,NA,0,0,NA,1,NA,3,2,NA,214.5,25.5
874,0,0,0,0,NA,1,3,4,4,NA,220.5,25.5
882,0,0,NA,0,0,1,2,NA,4,3,244.5,25.5
883,0,0,NA,0,0,2,2,NA,1,4,247.5,25.5
886,0,NA,0,0,NA,3,NA,4,2,NA,256.5,25.5
896,NA,0,0,0,0,NA,3,2,4,3,286.5,25.5
916,0,0,0,0,NA,5,4,4,1,NA,46.5,28.5
925,0,0,0,0,0,5,3,5,5,4,73.5,28.5
937,0,0,0,NA,0,3,4,2,NA,3,109.5,28.5
941,2,NA,NA,0,0,3,NA,NA,3,2,121.5,28.5
947,0,0,0,0,0,5,4,4,2,1,139.5,28.5
951,0,0,0,0,0,5,4,3,3,1,151.5,28.5
954,0,1,0,0,0,3,3,3,1,5,160.5,28.5
956,0,0,0,0,0,4,4,2,1,5,166.5,28.5
964,NA,0,0,0,NA,NA,3,4,1,NA,190.5,28.5
977,0,0,0,0,NA,5,2,5,2,NA,229.5,28.5
978,0,NA,0,0,NA,2,NA,2,2,NA,232.5,28.5
979,0,0,0,0,0,3,2,4,2,3,235.5,28.5
980,NA,0,NA,0,0,NA,4,NA,3,5,238.5,28.5
986,0,2,NA,NA,0,5,5,NA,NA,1,256.5,28.5
992,0,0,0,0,0,2,2,2,2,2,274.5,28.5
993,0,0,0,0,NA,4,3,3,4,NA,277.5,28.5
994,0,0,0,0,0,3,5,3,4,2,280.5,28.5
999,0,0,0,0,0,4,5,1,4,3,295.5,28.5
1001,0,NA,0,0,1,5,NA,5,2,2,1.5,31.5
1010,0,0,0,0,1,5,1,1,4,1,28.5,31.5
1013,0,0,0,0,0,2,5,5,1,3,37.5,31.5
1033,0,0,NA,1,0,2,1,NA,4,2,97.5,31.5
1036,0,0,0,NA,0,3,4,1,NA,3,106.5,31.5
1040,0,NA,NA,0,0,3,NA,NA,1,4,118.5,31.5
1044,0,0,0,1,2,5,4,5,4,2,130.5,31.5
1050,0,0,NA,0,0,2,1,NA,4,1,148.5,31.5
1058,0,1,0,0,NA,4,3,1,2,NA,172.5,31.5
1061,0,0,0,0,0,4,1,5,1,4,181.5,31.5
1062,0,NA,0,0,0,2,NA,1,3,3,184.5,31.5
1068,0,0,0,0,0,2,4,3,1,3,202.5,31.5
1074,0,0,NA,0,0,4,5,NA,3,1,220.5,31.5
1075,0,0,NA,0,0,2,1,NA,4,1,223.5,31.5
1076,0,0,NA,0,0,1,2,NA,1,3,226.5,31.5
1077,0,0,0,0,0,3,4,3,3,5,229.5,31.5
1078,NA,NA,0,0,0,NA,NA,3,2,5,232.5,31.5
1097,0,0,0,0,0,3,1,3,1,1,289.5,31.5
1103,0,3,0,0,0,1,5,5,3,4,7.5,34.5
1110,0,0,0,0,0,2,3,1,2,1,28.5,34.5
1116,0,0,NA,NA,0,2,4,NA,NA,3,46.5,34.5
1121,2,0,0,0,0,5,4,1,2,3,61.5,34.5
1129,1,0,0,0,0,1,5,3,4,1,85.5,34.5
1131,0,NA,0,0,0,5,NA,5,5,4,91.5,34.5
1133,0,0,NA,1,0,1,2,NA,2,3,97.5,34.5
1134,0,0,0,0,NA,4,2,2,5,NA,100.5,34.5
1142,0,0,1,0,0,4,3,2,3,3,124.5,34.5
1145,0,1,0,0,NA,5,3,3,5,NA,133.5,34.5
1147,NA,0,NA,0,0,NA,5,NA,5,1,139.5,34.5
1150,0,0,1,0,0,1,2,5,2,4,148.5,34.5
1154,NA,0,0,0,0,NA,1,2,3,4,160.5,34.5
1159,0,0,0,0,0,1,1,3,4,3,175.5,34.5
1160,0,0,0,0,0,4,3,1,3,3,178.5,34.5
1162,NA,0,0,0,0,NA,5,4,1,2,184.5,34.5
1164,0,1,NA,0,NA,1,2,NA,2,NA,190.5,34.5
1173,0,0,0,0,0,4,5,5,4,3,217.5,34.5
1179,0,0,0,0,0,3,1,3,1,1,235.5,34.5
1181,0,1,0,0,0,3,2,1,1,5,241.5,34.5
1189,0,0,0,0,0,2,3,2,5,3,265.5,34.5
1190,0,0,0,0,0,4,2,2,2,3,268.5,34.5
1191,0,0,0,0,0,1,5,5,2,4,271.5,34.5
1196,0,0,0,0,NA,3,1,1,2,NA,286.5,34.5
1197,0,0,0,0,NA,4,3,4,4,NA,289.5,34.5
1202,0,0,0,0,0,1,2,3,5,3,4.5,37.5
1212,2,2,NA,0,0,4,2,NA,3,4,34.5,37.5
1221,0,0,0,0,0,3,1,4,5,2,61.5,37.5
1232,0,NA,0,0,NA,4,NA,2,3,NA,94.5,37.5
1238,0,0,0,0,NA,4,1,2,3,NA,112.5,37.5
1242,0,NA,NA,0,0,3,NA,NA,3,2,124.5,37.5
1244,0,0,0,0,0,1,4,1,4,2,130.5,37.5
1246,NA,0,0,0,0,NA,3,4,1,3,136.5,37.5
1249,0,0,NA,0,0,3,3,NA,3,4,145.5,37.5
1263,0,2,1,NA,NA,1,5,1,NA,NA,187.5,37.5
1264,NA,1,NA,0,0,NA,4,NA,3,5,190.5,37.5
1266,NA,0,0,NA,0,NA,3,2,NA,1,196.5,37.5
1270,0,NA,0,0,0,2,NA,1,5,1,208.5,37.5
1272,NA,0,1,0,0,NA,4,2,5,3,214.5,37.5
1274,0,0,0,0,0,3,1,2,3,1,220.5,37.5
1275,NA,1,NA,0,0,NA,2,NA,1,3,223.5,37.5
1279,0,NA,2,0,0,5,NA,4,5,5,235.5,37.5
1281,0,0,0,0,0,3,4,3,1,3,241.5,37.5
1287,0,0,0,0,0,5,1,5,2,1,259.5,37.5
1293,0,0,0,0,NA,2,5,5,2,NA,277.5,37.5
1302,0,0,NA,NA,0,3,5,NA,NA,4,4.5,40.5
1307,NA,0,0,1,0,NA,5,1,1,4,19.5,40.5
1313,2,0,NA,0,0,3,5,NA,4,5,37.5,40.5
1317,0,0,0,0,0,2,1,2,2,4,49.5,40.5
1324,NA,0,NA,NA,0,NA,1,NA,NA,2,70.5,40.5
1332,0,0,0,0,0,1,5,5,2,4,94.5,40.5
1344,NA,0,0,0,0,NA,2,4,3,1,130.5,40.5
1345,0,NA,0,0,0,4,NA,2,3,1,133.5,40.5
1346,0,0,0,0,0,3,2,2,4,1,136.5,40.5
1350,0,NA,NA,NA,0,5,NA,NA,NA,3,148.5,40.5
1353,0,0,0,0,NA,5,4,4,5,NA,157.5,40.5
1354,NA,0,0,0,0,NA,4,2,5,1,160.5,40.5
1355,NA,0,NA,0,0,NA,2,NA,1,5,163.5,40.5
1364,1,0,0,0,0,4,4,5,2,3,190.5,40.5
1368,0,0,0,0,0,3,1,1,4,1,202.5,40.5
1370,0,NA,0,NA,0,5,NA,5,NA,1,208.5,40.5
1379,0,0,0,0,0,2,1,3,3,5,235.5,40.5
1382,NA,0,0,0,0,NA,4,5,5,3,244.5,40.5
1385,0,0,NA,0,0,2,5,NA,4,1,253.5,40.5
1390,0,0,0,0,0,3,4,5,4,3,268.5,40.5
1392,0,0,0,NA,0,1,2,5,NA,3,274.5,40.5
1394,0,0,0,NA,0,5,1,2,NA,3,280.5,40.5
1398,NA,0,0,0,0,NA,2,1,1,3,292.5,40.5
1399,0,0,0,NA,0,4,3,2,NA,4,295.5,40.5
1406,0,0,0,0,0,5,2,3,5,2,16.5,43.5
1410,0,0,0,0,3,2,1,2,5,5,28.5,43.5
1412,1,NA,0,2,0,2,NA,3,4,5,34.5,43.5
1416,0,0,0,NA,0,2,2,5,NA,4,46.5,43.5
1430,0,0,0,NA,NA,2,5,2,NA,NA,88.5,43.5
1431,0,NA,0,1,0,4,NA,4,3,2,91.5,43.5
1434,1,0,0,0,0,4,3,3,4,1,100.5,43.5
1435,NA,0,NA,0,0,NA,1,NA,3,5,103.5,43.5
1444,0,0,0,0,0,3,3,4,2,1,130.5,43.5
1454,NA,0,0,0,NA,NA,4,1,4,NA,160.5,43.5
1462,0,0,0,NA,3,1,2,4,NA,4,184.5,43.5
1463,0,0,0,0,NA,2,4,1,1,NA,187.5,43.5
1465,0,0,0,1,0,2,2,2,4,4,193.5,43.5
1468,1,0,0,0,0,3,5,1,5,3,202.5,43.5
1469,0,0,0,1,0,4,3,3,5,3,205.5,43.5
1471,NA,1,1,0,0,NA,2,4,3,5,211.5,43.5
1476,0,3,0,0,0,5,5,4,4,3,226.5,43.5
1479,0,0,0,0,0,1,1,5,4,2,235.5,43.5
1496,0,0,0,NA,0,5,2,5,NA,5,286.5,43.5
1509,0,0,0,0,0,4,1,1,5,1,25.5,46.5
1511,0,NA,NA,0,0,2,NA,NA,5,2,31.5,46.5
1514,0,0,0,2,0,2,4,1,2,4,40.5,46.5
1520,0,NA,0,0,0,4,NA,5,1,3,58.5,46.5
1521,0,0,0,0,NA,1,1,3,5,NA,61.5,46.5
1524,0,0,0,0,0,5,3,2,4,3,70.5,46.5
1532,NA,0,0,0,0,NA,3,5,1,5,94.5,46.5
1533,0,0,0,0,0,4,4,5,1,3,97.5,46.5
1547,0,0,0,0,0,3,5,1,4,2,139.5,46.5
1549,0,0,NA,0,NA,4,2,NA,5,NA,145.5,46.5
1553,NA,0,0,0,0,NA,2,3,3,2,157.5,46.5
1559,0,NA,0,0,NA,3,NA,1,4,NA,175.5,46.5
1561,1,0,NA,0,0,3,3,NA,1,3,181.5,46.5
1562,0,0,0,NA,NA,1,5,3,NA,NA,184.5,46.5
1565,1,0,NA,0,0,1,5,NA,5,5,193.5,46.5
1567,0,2,0,0,0,2,3,1,2,5,199.5,46.5
1571,0,0,0,0,0,1,4,3,4,2,211.5,46.5
1580,0,0,NA,0,0,1,1,NA,2,1,238.5,46.5
1585,0,2,0,0,NA,5,5,5,2,NA,253.5,46.5
1587,0,0,NA,0,0,4,3,NA,4,4,259.5,46.5
1588,NA,0,0,0,0,NA,1,5,5,1,262.5,46.5
1596,0,0,0,0,0,3,4,4,3,1,286.5,46.5
1598,0,0,0,0,0,2,4,2,4,2,292.5,46.5
1605,0,0,0,0,0,4,4,1,1,1,13.5,49.5
1608,0,0,NA,0,0,1,2,NA,5,4,22.5,49.5
1609,0,NA,0,0,0,4,NA,1,3,3,25.5,49.5
1610,0,0,0,0,0,2,1,1,1,3,28.5,49.5
1615,0,0,0,0,0,4,2,4,1,2,43.5,49.5
1618,0,0,NA,0,0,1,1,NA,1,4,52.5,49.5
1623,NA,0,NA,0,NA,NA,3,NA,4,NA,67.5,49.5
1632,NA,0,0,0,0,NA,2,4,5,5,94.5,49.5
1635,0,0,0,0,NA,5,4,4,2,NA,103.5,49.5
1646,0,0,0,0,NA,3,3,5,4,NA,136.5,49.5
1648,0,0,0,0,0,2,5,1,2,2,142.5,49.5
1651,0,0,0,0,0,1,2,3,2,1,151.5,49.5
1653,0,NA,0,0,0,1,NA,5,1,1,157.5,49.5
1663,0,0,1,NA,NA,1,4,2,NA,NA,187.5,49.5
1664,0,NA,0,0,0,4,NA,5,2,4,190.5,49.5
1678,NA,1,0,NA,NA,NA,1,5,NA,NA,232.5,49.5
1680,1,0,0,NA,0,2,2,2,NA,2,238.5,49.5
1683,0,0,0,0,0,1,1,3,3,3,247.5,49.5
1690,1,0,0,0,0,3,1,5,5,2,268.5,49.5
1691,0,0,0,0,0,4,4,3,5,1,271.5,49.5
1693,NA,0,0,0,0,NA,5,3,4,3,277.5,49.5
1701,0,0,0,NA,0,2,2,3,NA,1,1.5,52.5
1702,0,0,NA,NA,0,3,3,NA,NA,3,4.5,52.5
1705,0,0,0,0,0,2,2,3,1,4,13.5,52.5
1717,0,0,0,0,0,4,3,5,1,4,49.5,52.5
1718,NA,0,0,0,0,NA,2,3,5,3,52.5,52.5
1719,0,0,0,0,0,2,3,1,5,3,55.5,52.5
1721,0,0,2,0,4,1,4,5,1,5,61.5,52.5
1722,0,0,0,0,0,1,4,2,4,5,64.5,52.5
1728,1,0,0,0,0,1,4,2,1,2,82.5,52.5
1729,0,0,0,0,0,2,1,3,2,3,85.5,52.5
1742,NA,0,0,0,NA,NA,1,4,5,NA,124.5,52.5
1754,0,0,0,0,0,2,5,4,3,3,160.5,52.5
1757,0,0,0,0,0,4,5,5,5,5,169.5,52.5
1761,0,0,NA,0,NA,3,5,NA,1,NA,181.5,52.5
1762,0,0,NA,0,NA,5,4,NA,4,NA,184.5,52.5
1765,0,NA,0,0,NA,3,NA,1,2,NA,193.5,52.5
1767,0,0,0,0,0,4,2,2,3,1,199.5,52.5
1769,0,NA,1,0,0,4,NA,5,4,3,205.5,52.5
1770,1,0,1,2,0,4,3,4,5,4,208.5,52.5
1775,NA,0,0,0,0,NA,2,1,1,5,223.5,52.5
1782,1,1,0,0,0,5,3,1,5,3,244.5,52.5
1783,0,0,0,0,NA,3,1,3,3,NA,247.5,52.5
1789,NA,0,0,NA,0,NA,1,3,NA,2,265.5,52.5
1791,0,0,0,0,0,3,1,1,2,5,271.5,52.5
1792,0,0,0,0,0,2,1,3,4,1,274.5,52.5
1795,0,0,0,0,0,2,1,2,2,2,283.5,52.5
1799,0,NA,0,0,0,5,NA,1,4,4,295.5,52.5
1801,0,NA,0,0,0,2,NA,5,1,4,1.5,55.5
1804,NA,0,0,0,0,NA,3,4,1,1,10.5,55.5
1808,0,NA,0,0,0,3,NA,1,3,5,22.5,55.5
1820,NA,0,NA,0,0,NA,3,NA,3,4,58.5,55.5
1822,0,0,0,0,NA,2,3,1,1,NA,64.5,55.5
1836,0,0,0,0,0,2,2,3,3,1,106.5,55.5
1838,0,0,0,0,0,2,3,3,1,4,112.5,55.5
1850,0,0,0,NA,NA,1,3,3,NA,NA,148.5,55.5
1852,0,0,0,0,0,5,3,2,4,4,154.5,55.5
1854,NA,NA,0,0,0,NA,NA,2,1,1,160.5,55.5
1861,0,0,0,0,0,4,5,4,1,2,181.5,55.5
1864,0,NA,0,0,0,2,NA,2,4,2,190.5,55.5
1875,0,0,NA,2,0,2,1,NA,5,3,223.5,55.5
1895,NA,0,0,0,0,NA,4,3,5,1,283.5,55.5
1901,0,0,0,0,0,3,4,4,5,4,1.5,58.5
1902,0,0,0,0,0,2,5,2,1,3,4.5,58.5
1903,0,0,0,0,0,4,4,5,2,4,7.5,58.5
1918,0,0,1,0,NA,5,5,3,1,NA,52.5,58.5
1927,0,0,0,0,0,4,5,4,4,1,79.5,58.5
1947,0,0,NA,0,0,5,5,NA,1,1,139.5,58.5
1950,0,NA,0,0,0,1,NA,1,4,4,148.5,58.5
1973,0,NA,NA,0,0,1,NA,NA,1,2,217.5,58.5
1978,1,0,4,2,0,2,1,5,3,2,232.5,58.5
1980,3,NA,NA,0,0,5,NA,NA,3,4,238.5,58.5
1983,2,0,0,0,0,4,4,2,1,5,247.5,58.5
1984,0,0,0,2,0,2,4,5,2,5,250.5,58.5
1987,0,0,0,NA,0,2,5,4,NA,1,259.5,58.5
1992,0,0,0,0,0,1,3,4,4,5,274.5,58.5
1994,NA,0,0,0,NA,NA,3,5,3,NA,280.5,58.5
1995,0,0,0,0,0,4,1,2,3,4,283.5,58.5
1997,0,NA,0,0,NA,4,NA,5,2,NA,289.5,58.5
2000,0,0,0,0,NA,4,4,2,3,NA,298.5,58.5
2006,0,NA,0,0,0,5,NA,3,1,5,16.5,61.5
2013,NA,0,0,0,0,NA,4,3,3,2,37.5,61.5
2018,0,0,0,0,0,5,2,3,2,2,52.5,61.5
2028,0,NA,0,0,0,4,NA,4,5,2,82.5,61.5
2032,0,NA,0,0,0,2,NA,1,2,1,94.5,61.5
2033,0,0,0,0,NA,1,1,3,5,NA,97.5,61.5
2037,0,NA,0,NA,0,1,NA,4,NA,4,109.5,61.5
2040,0,0,0,0,0,5,3,4,4,2,118.5,61.5
2051,0,NA,0,0,NA,2,NA,3,3,NA,151.5,61.5
2054,0,0,0,0,0,1,4,3,1,2,160.5,61.5
2055,0,0,0,NA,0,3,1,1,NA,5,163.5,61.5
2060,0,NA,NA,0,0,2,NA,NA,1,3,178.5,61.5
2061,0,0,0,0,0,1,4,1,2,5,181.5,61.5
2074,0,3,0,0,0,3,4,1,2,5,220.5,61.5
2075,0,0,NA,0,0,1,4,NA,2,3,223.5,61.5
2080,3,0,0,0,0,4,3,3,2,1,238.5,61.5
2084,NA,2,3,0,0,NA,3,4,3,2,250.5,61.5
2085,4,0,0,0,0,4,5,1,2,3,253.5,61.5
2095,0,0,0,0,0,3,2,2,5,1,283.5,61.5
2096,0,0,0,0,0,5,3,5,4,3,286.5,61.5
2099,0,1,0,0,0,3,1,5,4,1,295.5,61.5
2102,0,0,0,0,NA,5,3,4,2,NA,4.5,64.5
2105,NA,0,NA,0,0,NA,2,NA,3,4,13.5,64.5
2109,1,0,0,0,0,4,4,4,5,2,25.5,64.5
2111,0,0,NA,0,0,3,3,NA,5,5,31.5,64.5
2115,0,0,0,1,0,1,2,5,3,4,43.5,64.5
2119,0,0,0,0,0,5,3,5,3,1,55.5,64.5
2120,0,0,0,NA,NA,2,5,1,NA,NA,58.5,64.5
2122,0,0,0,0,0,1,2,2,1,2,64.5,64.5
2123,4,0,1,0,0,4,3,1,5,1,67.5,64.5
2124,0,0,0,0,0,1,2,1,4,3,70.5,64.5
2125,0,1,1,0,0,4,3,5,2,4,73.5,64.5
2127,0,0,0,0,NA,2,5,4,5,NA,79.5,64.5
2128,NA,0,0,0,0,NA,3,1,5,5,82.5,64.5
2136,0,0,0,NA,0,5,4,1,NA,5,106.5,64.5
2140,0,0,0,0,0,3,3,5,3,1,118.5,64.5
2143,0,0,0,0,0,4,2,1,1,2,127.5,64.5
2148,0,0,0,NA,0,1,4,3,NA,1,142.5,64.5
2159,0,0,0,0,0,4,1,3,2,1,175.5,64.5
2162,0,0,0,0,0,1,4,4,5,5,184.5,64.5
2163,NA,0,NA,0,0,NA,2,NA,3,2,187.5,64.5
2166,NA,1,0,NA,0,NA,2,4,NA,2,196.5,64.5
2174,NA,NA,0,0,0,NA,NA,5,4,5,220.5,64.5
2177,0,3,3,1,0,5,3,5,1,1,229.5,64.5
2185,1,1,0,4,0,2,3,1,5,4,253.5,64.5
2192,0,0,0,0,0,1,5,2,4,4,274.5,64.5
2204,0,0,0,0,0,2,3,3,4,4,10.5,67.5
2206,0,NA,0,1,0,5,NA,5,2,1,16.5,67.5
2212,0,0,0,0,0,2,2,5,3,1,34.5,67.5
2215,NA,0,1,0,0,NA,1,3,1,5,43.5,67.5
2217,0,NA,0,0,NA,1,NA,3,4,NA,49.5,67.5
2221,0,NA,0,0,NA,2,NA,5,5,NA,61.5,67.5
2226,0,0,0,0,1,4,1,4,4,3,76.5,67.5
2229,0,0,NA,0,0,4,2,NA,2,1,85.5,67.5
2237,0,0,0,0,NA,2,1,2,1,NA,109.5,67.5
2238,0,0,0,0,0,3,1,2,4,5,112.5,67.5
2240,0,0,0,0,0,2,4,5,5,4,118.5,67.5
2242,0,0,0,NA,NA,2,4,4,NA,NA,124.5,67.5
2246,0,0,0,0,NA,2,2,2,2,NA,136.5,67.5
2265,1,0,0,2,0,1,4,5,4,1,193.5,67.5
2268,0,4,NA,0,0,4,5,NA,2,5,202.5,67.5
2269,0,0,0,0,0,2,3,1,3,1,205.5,67.5
2273,0,NA,0,0,0,2,NA,5,4,3,217.5,67.5
2274,2,0,NA,0,0,3,3,NA,4,2,220.5,67.5
2275,2,NA,0,0,0,3,NA,5,2,4,223.5,67.5
2281,0,2,0,0,0,2,5,2,4,3,241.5,67.5
2282,2,0,NA,0,0,3,2,NA,2,2,244.5,67.5
2285,2,0,NA,0,0,2,3,NA,2,5,253.5,67.5
2287,3,0,0,0,0,4,2,1,1,5,259.5,67.5
2292,0,4,NA,0,NA,4,4,NA,1,NA,274.5,67.5
2305,0,0,0,0,0,3,1,3,5,1,13.5,70.5
2311,NA,0,0,0,0,NA,5,1,2,1,31.5,70.5
2328,0,0,NA,NA,NA,3,5,NA,NA,NA,82.5,70.5
2339,0,NA,0,0,0,3,NA,3,3,5,115.5,70.5
2340,NA,0,NA,0,0,NA,2,NA,1,2,118.5,70.5
2344,0,NA,NA,0,0,1,NA,NA,5,5,130.5,70.5
2348,0,0,0,0,NA,3,2,4,2,NA,142.5,70.5
2349,0,0,0,0,0,3,2,2,3,4,145.5,70.5
2350,0,0,NA,NA,0,1,4,NA,NA,2,148.5,70.5
2352,0,NA,1,0,0,2,NA,3,2,5,154.5,70.5
2361,0,0,0,0,0,2,2,1,2,1,181.5,70.5
2367,0,0,0,0,4,2,2,1,4,4,199.5,70.5
2368,2,0,0,0,0,2,3,3,1,5,202.5,70.5
2377,0,0,0,0,3,3,1,1,1,4,229.5,70.5
2382,3,1,NA,0,3,5,4,NA,1,4,244.5,70.5
2389,0,0,NA,0,NA,2,2,NA,4,NA,265.5,70.5
2390,0,0,0,NA,0,3,3,1,NA,3,268.5,70.5
2393,3,0,0,0,0,4,3,5,2,4,277.5,70.5
2396,0,0,2,0,NA,5,3,3,2,NA,286.5,70.5
2398,0,0,NA,0,0,2,4,NA,4,1,292.5,70.5
2399,0,0,0,0,0,3,5,3,3,2,295.5,70.5
2402,0,0,0,1,NA,3,1,4,1,NA,4.5,73.5
2414,0,0,0,NA,0,3,5,5,NA,2,40.5,73.5
2418,0,0,0,0,0,1,3,3,1,3,52.5,73.5
2429,NA,NA,0,0,0,NA,NA,5,2,4,85.5,73.5
2430,0,0,0,0,0,4,1,2,5,3,88.5,73.5
2437,0,0,NA,NA,0,3,1,NA,NA,5,109.5,73.5
2442,0,0,0,0,0,1,4,5,3,1,124.5,73.5
2448,0,0,0,0,NA,2,5,1,5,NA,142.5,73.5
2452,0,NA,NA,0,NA,2,NA,NA,4,NA,154.5,73.5
2454,0,0,0,0,0,4,5,5,3,1,160.5,73.5
2455,0,0,0,0,0,4,3,3,4,4,163.5,73.5
2457,0,0,0,0,0,1,1,5,5,5,169.5,73.5
2461,0,0,0,NA,0,2,4,4,NA,2,181.5,73.5
2463,NA,0,NA,0,0,NA,3,NA,2,5,187.5,73.5
2464,0,0,0,0,0,5,2,1,4,4,190.5,73.5
2465,0,0,1,0,0,1,3,3,1,2,193.5,73.5
2467,0,0,0,0,0,4,2,1,4,4,199.5,73.5
2469,0,NA,0,0,0,2,NA,4,3,1,205.5,73.5
2472,0,0,0,0,0,2,2,5,3,5,214.5,73.5
2483,3,0,0,3,0,3,1,5,3,4,247.5,73.5
2485,0,1,NA,NA,0,5,2,NA,NA,4,253.5,73.5
2489,0,0,0,0,0,5,1,1,4,3,265.5,73.5
2513,0,0,NA,0,0,3,4,NA,1,2,37.5,76.5
2516,0,0,0,0,NA,4,4,5,2,NA,46.5,76.5
2517,1,1,3,0,NA,3,5,5,3,NA,49.5,76.5
2519,0,0,0,0,0,4,2,1,1,2,55.5,76.5
2529,0,0,0,0,NA,1,1,3,3,NA,85.5,76.5
2533,NA,0,0,0,0,NA,4,4,2,3,97.5,76.5
2542,NA,0,0,0,0,NA,2,1,3,4,124.5,76.5
2543,0,0,0,0,NA,3,3,3,3,NA,127.5,76.5
2547,0,0,0,0,0,2,5,1,4,2,139.5,76.5
2554,0,0,0,NA,0,4,4,2,NA,3,160.5,76.5
2555,0,NA,0,0,0,1,NA,2,2,4,163.5,76.5
2559,0,0,0,NA,0,2,1,3,NA,5,175.5,76.5
2563,0,0,0,0,0,2,1,2,2,2,187.5,76.5
2571,4,NA,NA,5,NA,4,NA,NA,5,NA,211.5,76.5
2576,1,NA,0,0,0,2,NA,5,2,2,226.5,76.5
2585,0,0,0,1,0,5,1,4,2,3,253.5,76.5
2596,0,0,0,0,0,4,5,4,5,3,286.5,76.5
2597,0,0,0,NA,1,2,1,4,NA,3,289.5,76.5
2610,0,0,0,0,0,4,3,2,4,2,28.5,79.5
2614,0,0,0,0,5,5,5,2,2,5,40.5,79.5
2619,0,0,0,0,0,2,5,3,3,3,55.5,79.5
2623,NA,0,0,0,NA,NA,2,4,3,NA,67.5,79.5
2624,0,0,0,NA,0,4,3,3,NA,4,70.5,79.5
2627,0,0,0,NA,1,5,5,2,NA,1,79.5,79.5
2629,NA,NA,0,0,NA,NA,NA,1,4,NA,85.5,79.5
2641,0,0,0,0,NA,1,2,5,4,NA,121.5,79.5
2649,0,0,NA,1,0,5,1,NA,2,4,145.5,79.5
2652,0,0,0,NA,0,1,3,1,NA,1,154.5,79.5
2659,0,0,0,0,0,5,1,4,2,3,175.5,79.5
2668,1,NA,0,0,0,3,NA,5,4,3,202.5,79.5
2672,0,0,0,0,0,3,2,1,5,4,214.5,79.5
2678,NA,0,0,0,0,NA,5,1,5,4,232.5,79.5
2692,0,0,0,NA,NA,1,5,2,NA,NA,274.5,79.5
2695,NA,0,0,0,0,NA,1,1,5,5,283.5,79.5
2701,0,1,0,1,0,4,3,4,2,1,1.5,82.5
2735,0,NA,0,0,0,5,NA,5,4,1,103.5,82.5
2737,0,0,0,0,0,3,4,3,4,5,109.5,82.5
2748,0,0,NA,0,0,5,2,NA,4,2,142.5,82.5
2749,0,0,NA,0,0,4,2,NA,5,2,145.5,82.5
2760,0,0,0,NA,0,2,1,4,NA,4,178.5,82.5
2765,0,0,NA,0,0,2,4,NA,5,4,193.5,82.5
2767,0,0,0,3,0,3,1,5,4,2,199.5,82.5
2768,0,0,NA,2,0,2,2,NA,3,2,202.5,82.5
2773,0,0,1,0,NA,5,3,2,1,NA,217.5,82.5
2777,0,0,0,0,0,1,5,2,1,1,229.5,82.5
2780,NA,0,0,NA,0,NA,3,2,NA,5,238.5,82.5
2791,0,0,0,0,0,5,2,3,4,3,271.5,82.5
2792,0,0,0,0,NA,1,1,5,2,NA,274.5,82.5
2795,0,0,NA,0,0,2,3,NA,5,4,283.5,82.5
2800,0,0,0,3,0,5,2,2,3,3,298.5,82.5
2801,0,NA,0,0,NA,3,NA,1,2,NA,1.5,85.5
2808,0,0,0,0,0,1,2,5,1,2,22.5,85.5
2831,0,0,0,0,NA,4,5,5,2,NA,91.5,85.5
2834,0,0,0,NA,0,5,1,5,NA,2,100.5,85.5
2845,0,0,1,0,0,5,4,5,1,3,133.5,85.5
2859,NA,0,0,NA,NA,NA,5,1,NA,NA,175.5,85.5
2860,0,0,0,0,NA,2,1,2,1,NA,178.5,85.5
2861,0,0,0,0,0,5,1,1,5,1,181.5,85.5
2862,3,0,0,0,0,4,5,2,5,4,184.5,85.5
2863,2,0,0,0,0,4,2,3,5,2,187.5,85.5
2887,0,0,NA,0,0,4,3,NA,5,2,259.5,85.5
2889,0,0,NA,NA,0,3,5,NA,NA,1,265.5,85.5
2893,0,NA,0,0,0,5,NA,5,4,2,277.5,85.5
2896,0,0,0,0,0,2,5,5,3,1,286.5,85.5
2897,0,NA,0,0,0,3,NA,4,3,5,289.5,85.5
2899,0,3,0,NA,0,5,3,1,NA,4,295.5,85.5
2901,0,NA,0,NA,0,5,NA,1,NA,5,1.5,88.5
2907,NA,0,0,0,NA,NA,2,2,4,NA,19.5,88.5
2909,NA,3,0,0,0,NA,5,5,5,1,25.5,88.5
2912,0,0,0,0,0,2,3,3,2,1,34.5,88.5
2913,0,0,0,0,0,1,2,1,1,5,37.5,88.5
2917,3,0,0,0,NA,5,3,2,4,NA,49.5,88.5
2923,0,0,0,0,0,4,2,2,5,5,67.5,88.5
2941,0,NA,0,NA,0,2,NA,4,NA,2,121.5,88.5
2946,0,1,2,0,0,3,5,4,2,1,136.5,88.5
2948,NA,0,0,0,0,NA,2,3,4,3,142.5,88.5
2950,0,NA,0,NA,0,3,NA,5,NA,4,148.5,88.5
2956,0,0,0,0,0,2,5,3,4,3,166.5,88.5
2968,3,0,NA,NA,3,4,2,NA,NA,5,202.5,88.5
2969,1,0,NA,0,NA,2,3,NA,2,NA,205.5,88.5
2970,2,0,NA,0,0,3,2,NA,4,5,208.5,88.5
2971,0,NA,NA,1,0,5,NA,NA,2,5,211.5,88.5
2972,0,0,0,0,0,4,4,5,1,1,214.5,88.5
2974,NA,0,NA,0,0,NA,1,NA,1,5,220.5,88.5
2980,2,0,0,0,0,3,2,2,5,5,238.5,88.5
2981,0,0,0,0,0,3,2,4,5,3,241.5,88.5
2984,1,0,0,0,1,3,5,3,1,1,250.5,88.5
2990,0,0,0,0,NA,4,5,2,2,NA,268.5,88.5
2994,NA,NA,0,0,0,NA,NA,2,1,4,280.5,88.5
2997,0,0,0,0,0,1,4,4,3,5,289.5,88.5
2999,0,0,0,0,0,2,4,2,4,5,295.5,88.5
3000,NA,0,0,0,0,NA,2,4,5,2,298.5,88.5
3006,1,0,1,0,0,1,4,5,1,5,16.5,91.5
3007,2,0,0,0,0,4,1,3,1,3,19.5,91.5
3032,0,0,0,0,NA,2,4,4,1,NA,94.5,91.5
3033,0,0,NA,0,1,3,1,NA,3,1,97.5,91.5
3042,0,NA,0,0,0,5,NA,5,4,5,124.5,91.5
3051,0,0,0,1,NA,4,3,2,5,NA,151.5,91.5
3052,NA,0,0,0,0,NA,2,2,5,1,154.5,91.5
3067,5,NA,0,0,0,5,NA,5,2,1,199.5,91.5
3072,0,0,0,0,NA,1,1,2,3,NA,214.5,91.5
3083,0,0,5,NA,0,5,5,5,NA,3,247.5,91.5
3096,0,NA,0,0,0,2,NA,3,5,4,286.5,91.5
3099,0,4,0,0,1,2,5,5,4,2,295.5,91.5
3100,0,5,0,0,0,2,5,2,4,4,298.5,91.5
3112,1,NA,0,0,0,4,NA,2,1,1,34.5,94.5
3113,2,0,0,0,0,5,5,4,2,4,37.5,94.5
3128,NA,NA,0,0,0,NA,NA,1,3,4,82.5,94.5
3134,NA,NA,0,NA,0,NA,NA,4,NA,4,100.5,94.5
3146,0,0,NA,0,NA,5,2,NA,5,NA,136.5,94.5
3147,0,0,0,0,0,5,1,5,1,2,139.5,94.5
3151,NA,0,0,0,0,NA,2,1,4,4,151.5,94.5
3157,0,0,1,0,0,2,1,3,3,5,169.5,94.5
3161,0,4,0,0,0,1,5,5,5,3,181.5,94.5
3164,2,0,0,0,0,3,4,4,1,2,190.5,94.5
3175,NA,0,0,NA,0,NA,2,4,NA,2,223.5,94.5
3180,0,0,0,0,0,2,1,1,1,4,238.5,94.5
3187,NA,0,NA,0,0,NA,2,NA,1,4,259.5,94.5
3193,0,NA,0,NA,0,4,NA,1,NA,2,277.5,94.5
3199,NA,0,0,0,0,NA,5,4,5,1,295.5,94.5
3208,0,0,0,0,0,1,2,1,5,4,22.5,97.5
3220,2,0,0,0,0,2,3,2,4,3,58.5,97.5
3222,0,0,0,0,0,1,3,3,5,2,64.5,97.5
3230,0,0,NA,0,0,3,1,NA,3,2,88.5,97.5
3239,0,1,0,0,NA,4,3,3,5,NA,115.5,97.5
3242,0,0,0,0,0,2,2,4,2,3,124.5,97.5
3243,2,0,0,NA,0,4,3,2,NA,3,127.5,97.5
3249,NA,0,0,0,0,NA,1,2,4,1,145.5,97.5
3258,0,0,1,NA,0,3,1,1,NA,1,172.5,97.5
3266,0,2,0,0,0,3,2,1,4,4,196.5,97.5
3270,0,0,NA,0,0,3,4,NA,1,5,208.5,97.5
3273,0,1,0,0,0,4,3,1,2,3,217.5,97.5
3274,0,0,0,0,0,4,1,2,4,3,220.5,97.5
3281,3,0,0,0,0,5,4,3,5,2,241.5,97.5
3284,0,0,3,NA,NA,5,4,5,NA,NA,250.5,97.5
3285,0,0,0,NA,0,3,2,5,NA,1,253.5,97.5
3297,0,0,0,0,0,3,2,5,4,3,289.5,97.5
3299,0,0,0,0,NA,4,5,1,2,NA,295.5,97.5
3306,0,0,0,NA,1,2,5,1,NA,2,16.5,100.5
3324,NA,0,0,NA,NA,NA,2,2,NA,NA,70.5,100.5
3331,0,0,0,0,0,5,2,1,5,2,91.5,100.5
3340,0,0,0,0,NA,5,3,2,5,NA,118.5,100.5
3341,0,0,1,0,0,2,5,3,1,1,121.5,100.5
3348,0,0,0,0,0,4,1,3,2,2,142.5,100.5
3356,0,0,0,0,NA,3,5,3,4,NA,166.5,100.5
3359,0,0,0,0,0,2,2,5,3,2,175.5,100.5
3361,0,0,0,0,0,1,4,5,4,3,181.5,100.5
3366,0,0,0,0,NA,2,2,4,4,NA,196.5,100.5
3367,NA,0,1,0,0,NA,1,2,4,3,199.5,100.5
3368,NA,0,4,NA,0,NA,1,5,NA,4,202.5,100.5
3369,0,4,0,0,0,1,4,2,2,3,205.5,100.5
3370,0,0,0,1,0,5,2,2,3,1,208.5,100.5
3376,0,0,NA,0,0,1,1,NA,2,4,226.5,100.5
3385,0,0,0,0,0,3,1,5,3,5,253.5,100.5
3388,0,NA,NA,NA,0,5,NA,NA,NA,4,262.5,100.5
3391,0,0,0,0,0,2,4,2,5,5,271.5,100.5
3398,0,NA,0,0,0,2,NA,2,5,2,292.5,100.5
3399,0,0,0,0,0,5,3,3,5,5,295.5,100.5
3415,0,0,0,0,0,5,4,1,5,2,43.5,103.5
3416,0,0,0,0,NA,3,2,5,4,NA,46.5,103.5
3418,0,2,NA,0,0,3,4,NA,5,1,52.5,103.5
3420,0,0,0,0,0,4,3,4,5,5,58.5,103.5
3421,0,NA,0,0,NA,4,NA,2,4,NA,61.5,103.5
3428,0,0,0,0,0,4,2,1,1,4,82.5,103.5
3438,0,0,0,0,0,5,5,4,5,1,112.5,103.5
3439,0,0,NA,NA,0,3,1,NA,NA,1,115.5,103.5
3440,0,0,0,0,0,3,1,3,2,1,118.5,103.5
3447,0,0,NA,0,NA,4,4,NA,1,NA,139.5,103.5
3451,0,NA,0,0,0,4,NA,3,3,5,151.5,103.5
3459,0,1,NA,0,NA,3,1,NA,5,NA,175.5,103.5
3463,1,0,0,NA,0,1,4,3,NA,3,187.5,103.5
3467,0,NA,2,NA,NA,1,NA,5,NA,NA,199.5,103.5
3480,0,0,0,NA,0,5,5,5,NA,4,238.5,103.5
3487,0,0,0,0,0,5,3,1,1,3,259.5,103.5
3497,0,0,0,NA,0,3,2,1,NA,5,289.5,103.5
3499,0,NA,0,NA,0,4,NA,5,NA,5,295.5,103.5
3504,0,NA,0,0,NA,4,NA,1,2,NA,10.5,106.5
3513,NA,1,NA,3,1,NA,3,NA,5,2,37.5,106.5
3515,0,NA,0,NA,NA,4,NA,5,NA,NA,43.5,106.5
3522,0,NA,0,0,NA,4,NA,5,4,NA,64.5,106.5
3523,0,0,0,0,NA,4,3,4,1,NA,67.5,106.5
3524,0,0,NA,0,0,4,3,NA,2,3,70.5,106.5
3527,NA,0,0,0,0,NA,5,4,3,4,79.5,106.5
3535,0,0,0,0,0,5,5,4,2,4,103.5,106.5
3546,0,0,0,NA,NA,2,1,1,NA,NA,136.5,106.5
3547,0,0,0,0,0,1,1,2,1,4,139.5,106.5
3550,NA,0,NA,NA,0,NA,1,NA,NA,2,148.5,106.5
3558,0,0,2,NA,NA,1,4,4,NA,NA,172.5,106.5
3561,3,0,0,NA,0,4,1,4,NA,5,181.5,106.5
3563,0,3,NA,NA,0,2,5,NA,NA,1,187.5,106.5
3569,0,1,0,1,4,3,5,1,4,5,205.5,106.5
3571,0,1,2,0,0,5,1,2,4,1,211.5,106.5
3573,0,0,0,0,0,3,4,3,2,3,217.5,106.5
3575,0,NA,0,0,0,3,NA,3,5,4,223.5,106.5
3578,NA,0,0,NA,0,NA,5,2,NA,5,232.5,106.5
3597,0,NA,0,0,NA,5,NA,5,1,NA,289.5,106.5
3603,NA,NA,1,NA,0,NA,NA,3,NA,1,7.5,109.5
3613,1,0,0,0,0,5,1,2,5,2,37.5,109.5
3616,NA,NA,1,0,0,NA,NA,5,3,5,46.5,109.5
3631,0,0,0,0,0,4,4,1,2,2,91.5,109.5
3633,0,0,2,NA,0,5,5,4,NA,1,97.5,109.5
3642,0,0,NA,0,NA,4,1,NA,2,NA,124.5,109.5
3643,0,NA,NA,0,0,5,NA,NA,4,4,127.5,109.5
3651,0,0,0,NA,0,1,4,4,NA,4,151.5,109.5
3655,0,NA,0,0,0,5,NA,4,2,1,163.5,109.5
3658,0,0,NA,0,0,2,5,NA,2,2,172.5,109.5
3663,0,0,NA,0,0,4,4,NA,1,1,187.5,109.5
3665,1,0,1,0,0,5,5,3,1,5,193.5,109.5
3667,0,0,1,0,NA,3,2,5,1,NA,199.5,109.5
3671,1,NA,0,3,1,2,NA,4,4,4,211.5,109.5
3673,0,NA,NA,0,0,1,NA,NA,5,2,217.5,109.5
3682,0,0,NA,0,NA,1,1,NA,1,NA,244.5,109.5
3693,0,0,0,NA,NA,2,4,4,NA,NA,277.5,109.5
3699,0,4,NA,NA,0,2,4,NA,NA,2,295.5,109.5
3702,1,0,0,0,NA,2,4,5,1,NA,4.5,112.5
3703,0,1,NA,0,0,2,5,NA,5,1,7.5,112.5
3704,3,0,0,1,0,3,2,1,5,1,10.5,112.5
3707,0,0,0,0,NA,3,5,1,2,NA,19.5,112.5
3715,1,NA,0,1,0,1,NA,3,5,4,43.5,112.5
3721,0,NA,NA,1,NA,5,NA,NA,4,NA,61.5,112.5
3724,0,0,0,0,0,2,5,5,2,3,70.5,112.5
3727,0,0,0,NA,0,1,4,2,NA,1,79.5,112.5
3728,0,0,0,0,NA,5,3,3,5,NA,82.5,112.5
3730,0,0,0,0,0,3,5,2,2,5,88.5,112.5
3741,0,0,0,0,0,2,4,2,4,1,121.5,112.5
3745,0,0,0,0,0,2,5,3,4,4,133.5,112.5
3747,0,0,2,1,NA,2,1,4,4,NA,139.5,112.5
3748,0,0,NA,0,0,1,3,NA,4,1,142.5,112.5
3750,0,0,0,NA,NA,5,3,2,NA,NA,148.5,112.5
3754,NA,0,0,2,0,NA,3,4,5,1,160.5,112.5
3761,1,NA,0,NA,0,2,NA,3,NA,4,181.5,112.5
3765,0,NA,0,0,0,3,NA,1,2,2,193.5,112.5
3770,0,1,0,0,0,5,4,2,5,5,208.5,112.5
3773,0,0,NA,0,0,5,5,NA,4,3,217.5,112.5
3779,0,NA,NA,0,0,1,NA,NA,3,4,235.5,112.5
3784,0,0,0,0,0,2,1,5,2,5,250.5,112.5
3786,0,NA,0,0,0,2,NA,1,1,2,256.5,112.5
3794,NA,0,0,0,0,NA,5,1,4,2,280.5,112.5
3796,0,0,0,0,0,4,2,4,5,5,286.5,112.5
3805,1,3,0,1,0,4,4,3,2,3,13.5,115.5
3811,0,0,NA,NA,0,5,1,NA,NA,3,31.5,115.5
3819,0,0,0,NA,0,3,2,3,NA,1,55.5,115.5
3823,NA,0,0,0,NA,NA,3,2,3,NA,67.5,115.5
3832,NA,0,0,0,0,NA,4,2,4,5,94.5,115.5
3835,0,NA,0,0,0,1,NA,5,5,1,103.5,115.5
3836,NA,0,0,NA,0,NA,1,5,NA,1,106.5,115.5
3856,0,2,0,NA,NA,1,4,4,NA,NA,166.5,115.5
3862,0,0,0,0,0,4,1,5,4,3,184.5,115.5
3869,0,3,3,0,0,5,5,5,4,4,205.5,115.5
3872,0,0,0,4,0,2,5,4,5,5,214.5,115.5
3873,0,0,0,0,0,2,3,2,1,3,217.5,115.5
3882,0,0,NA,0,0,4,4,NA,5,3,244.5,115.5
3895,0,0,NA,0,0,2,2,NA,5,2,283.5,115.5
3896,2,0,NA,0,NA,2,3,NA,3,NA,286.5,115.5
3901,1,1,0,1,0,4,2,3,3,4,1.5,118.5
3903,NA,0,0,0,NA,NA,3,3,2,NA,7.5,118.5
3910,0,NA,0,NA,0,2,NA,2,NA,1,28.5,118.5
3912,0,0,0,0,3,2,2,1,5,5,34.5,118.5
3915,2,NA,0,0,0,4,NA,1,5,4,43.5,118.5
3916,0,0,0,0,0,1,5,3,2,1,46.5,118.5
3917,0,0,NA,0,1,3,3,NA,1,3,49.5,118.5
3921,0,0,1,0,0,3,3,1,5,3,61.5,118.5
3922,0,0,0,NA,0,3,4,1,NA,2,64.5,118.5
3923,1,2,NA,0,0,4,3,NA,5,4,67.5,118.5
3927,0,0,0,NA,NA,4,4,1,NA,NA,79.5,118.5
3930,1,0,0,0,NA,2,5,5,2,NA,88.5,118.5
3935,NA,NA,0,NA,0,NA,NA,5,NA,5,103.5,118.5
3940,0,0,NA,0,0,4,4,NA,1,2,118.5,118.5
3951,0,0,0,0,0,5,2,1,1,1,151.5,118.5
3953,1,0,0,NA,0,4,1,3,NA,3,157.5,118.5
3957,0,NA,NA,1,0,1,NA,NA,4,3,169.5,118.5
3958,0,0,0,0,0,4,5,2,1,4,172.5,118.5
3960,NA,0,0,0,0,NA,2,1,4,1,178.5,118.5
3962,0,0,0,0,0,2,3,5,1,4,184.5,118.5
3971,0,NA,0,1,0,5,NA,5,1,3,211.5,118.5
3977,0,0,0,0,0,1,4,2,5,1,229.5,118.5
3985,0,0,0,0,0,4,3,4,1,3,253.5,118.5
3996,0,0,0,0,0,5,2,4,3,3,286.5,118.5
4000,0,0,NA,0,2,2,4,NA,1,2,298.5,118.5
4002,NA,0,1,0,0,NA,3,5,3,4,4.5,121.5
4011,0,0,NA,0,1,3,1,NA,5,3,31.5,121.5
4031,NA,0,0,0,0,NA,5,3,4,5,91.5,121.5
4040,0,0,NA,0,0,2,4,NA,2,1,118.5,121.5
4043,0,0,0,0,NA,1,4,3,2,NA,127.5,121.5
4048,0,0,0,NA,0,3,1,4,NA,5,142.5,121.5
4064,0,NA,0,0,NA,2,NA,3,3,NA,190.5,121.5
4065,NA,0,0,0,NA,NA,3,1,1,NA,193.5,121.5
4066,0,0,0,0,1,2,5,4,1,1,196.5,121.5
4067,1,0,0,NA,0,3,3,5,NA,2,199.5,121.5
4070,4,0,NA,NA,0,4,5,NA,NA,3,208.5,121.5
4083,NA,0,0,0,0,NA,3,3,3,3,247.5,121.5
4084,0,0,0,0,0,4,4,5,5,1,250.5,121.5
4089,0,0,0,0,0,1,2,5,1,2,265.5,121.5
4122,0,0,0,0,0,5,5,1,5,3,64.5,124.5
4130,NA,0,NA,0,0,NA,2,NA,2,3,88.5,124.5
4146,0,0,0,0,0,2,3,5,4,1,136.5,124.5
4147,0,NA,0,0,NA,4,NA,4,3,NA,139.5,124.5
4157,NA,NA,3,0,NA,NA,NA,5,4,NA,169.5,124.5
4162,NA,NA,0,0,3,NA,NA,2,1,5,184.5,124.5
4167,0,0,2,0,0,4,1,3,3,2,199.5,124.5
4168,1,NA,0,NA,0,1,NA,5,NA,2,202.5,124.5
4169,0,NA,0,NA,NA,4,NA,5,NA,NA,205.5,124.5
4177,0,0,0,0,0,2,3,5,5,5,229.5,124.5
4178,0,0,0,0,0,4,4,3,2,4,232.5,124.5
4184,0,0,0,0,0,3,1,5,5,1,250.5,124.5
4190,0,0,NA,0,0,3,1,NA,3,2,268.5,124.5
4199,0,0,0,0,0,4,1,4,1,3,295.5,124.5
4209,0,2,0,0,1,3,3,4,3,2,25.5,127.5
4220,1,3,0,0,NA,4,4,4,2,NA,58.5,127.5
4224,0,0,0,1,0,3,5,3,1,2,70.5,127.5
4230,0,0,0,0,0,3,2,3,1,3,88.5,127.5
4232,0,0,NA,0,0,4,5,NA,1,5,94.5,127.5
4235,0,0,0,0,0,1,5,3,3,1,103.5,127.5
4247,NA,0,0,0,1,NA,4,2,3,2,139.5,127.5
4248,0,0,0,0,0,4,2,5,3,4,142.5,127.5
4257,3,0,0,0,0,4,4,4,2,2,169.5,127.5
4259,2,0,1,0,0,5,5,1,2,5,175.5,127.5
4266,0,0,0,0,0,2,1,5,5,1,196.5,127.5
4270,0,0,0,0,NA,2,5,3,3,NA,208.5,127.5
4274,0,0,2,0,0,1,1,2,1,4,220.5,127.5
4283,0,0,NA,0,0,3,5,NA,3,4,247.5,127.5
4289,0,0,0,0,0,4,2,5,2,2,265.5,127.5
4303,0,1,0,0,0,2,3,3,5,2,7.5,130.5
4316,0,0,NA,0,0,3,1,NA,4,4,46.5,130.5
4336,0,0,NA,NA,0,5,1,NA,NA,3,106.5,130.5
4338,0,2,0,0,0,2,2,5,3,3,112.5,130.5
4340,0,0,NA,0,0,1,2,NA,1,4,118.5,130.5
4347,0,0,0,0,NA,3,4,3,4,NA,139.5,130.5
4353,0,NA,0,0,0,2,NA,3,3,2,157.5,130.5
4363,3,NA,0,0,NA,5,NA,2,2,NA,187.5,130.5
4365,1,0,0,0,0,1,2,1,4,3,193.5,130.5
4366,0,2,NA,1,NA,5,2,NA,2,NA,196.5,130.5
4377,NA,0,0,NA,0,NA,1,3,NA,1,229.5,130.5
4384,0,0,0,0,0,3,2,5,4,1,250.5,130.5
4389,0,0,0,NA,0,1,4,4,NA,5,265.5,130.5
4396,0,0,0,NA,0,2,5,3,NA,1,286.5,130.5
4397,NA,0,3,0,0,NA,5,3,4,1,289.5,130.5
4398,0,0,3,0,0,3,1,4,1,5,292.5,130.5
4401,0,0,0,0,3,1,1,2,5,5,1.5,133.5
4407,1,0,0,0,NA,4,1,2,1,NA,19.5,133.5
4409,0,0,0,0,0,5,5,3,4,4,25.5,133.5
4415,0,0,0,0,0,3,1,2,1,1,43.5,133.5
4419,0,0,NA,1,0,2,4,NA,4,2,55.5,133.5
4420,NA,0,0,NA,0,NA,5,1,NA,4,58.5,133.5
4424,0,0,0,0,0,5,3,4,2,3,70.5,133.5
4430,0,0,0,0,0,2,5,2,4,4,88.5,133.5
4450,0,NA,0,0,NA,3,NA,4,5,NA,148.5,133.5
4452,NA,0,0,0,0,NA,2,1,5,5,154.5,133.5
4459,0,0,0,0,0,4,3,2,2,4,175.5,133.5
4462,1,NA,3,0,0,3,NA,3,1,1,184.5,133.5
4465,0,NA,0,0,0,3,NA,1,3,3,193.5,133.5
4484,0,NA,0,0,0,3,NA,4,2,5,250.5,133.5
4486,0,0,NA,0,NA,1,5,NA,5,NA,256.5,133.5
4488,0,0,0,2,0,2,5,4,3,1,262.5,133.5
4498,0,0,0,0,0,4,1,3,5,5,292.5,133.5
4499,0,0,0,0,0,5,5,5,2,3,295.5,133.5
4501,0,0,0,0,0,1,2,3,1,5,1.5,136.5
4503,0,0,0,NA,1,1,3,4,NA,4,7.5,136.5
4506,0,0,NA,NA,0,2,5,NA,NA,3,16.5,136.5
4514,0,0,0,0,0,3,3,2,1,2,40.5,136.5
4525,0,0,0,NA,NA,2,4,2,NA,NA,73.5,136.5
4527,0,0,0,0,0,3,1,3,2,2,79.5,136.5
4528,0,0,0,0,0,5,3,2,4,2,82.5,136.5
4530,0,0,0,0,0,3,5,3,5,1,88.5,136.5
4534,NA,0,1,0,0,NA,1,4,2,5,100.5,136.5
4535,0,0,0,0,0,1,3,2,1,3,103.5,136.5
4538,0,NA,0,0,NA,3,NA,4,3,NA,112.5,136.5
4541,0,NA,1,0,0,1,NA,2,5,2,121.5,136.5
4544,0,0,0,0,0,4,5,2,1,5,130.5,136.5
4545,1,0,0,0,0,4,4,4,1,2,133.5,136.5
4552,0,NA,0,NA,0,1,NA,3,NA,1,154.5,136.5
4553,0,NA,0,0,NA,1,NA,2,5,NA,157.5,136.5
4560,NA,0,1,0,0,NA,5,5,5,4,178.5,136.5
4564,0,0,0,NA,NA,3,1,5,NA,NA,190.5,136.5
4565,0,0,NA,0,0,4,3,NA,5,1,193.5,136.5
4570,0,0,0,0,3,3,5,1,5,5,208.5,136.5
4576,0,NA,0,NA,0,4,NA,4,NA,2,226.5,136.5
4580,NA,0,0,0,0,NA,4,2,1,3,238.5,136.5
4587,0,0,0,0,2,1,3,1,5,3,259.5,136.5
4596,0,0,0,0,0,4,1,2,4,3,286.5,136.5
4602,0,0,0,0,NA,5,4,3,4,NA,4.5,139.5
4604,0,0,0,0,0,3,5,2,3,2,10.5,139.5
4608,0,0,0,0,NA,1,4,1,4,NA,22.5,139.5
4623,NA,0,NA,0,0,NA,5,NA,1,1,67.5,139.5
4624,0,0,0,NA,0,3,1,3,NA,3,70.5,139.5
4633,NA,0,0,0,0,NA,4,5,4,5,97.5,139.5
4637,0,NA,NA,0,0,4,NA,NA,5,3,109.5,139.5
4646,0,1,NA,0,0,1,4,NA,5,4,136.5,139.5
4648,0,0,0,0,0,5,3,5,4,5,142.5,139.5
4655,0,2,NA,0,NA,4,5,NA,5,NA,163.5,139.5
4657,2,0,0,0,0,3,3,4,1,4,169.5,139.5
4659,0,1,0,0,0,5,3,3,1,5,175.5,139.5
4668,0,0,NA,0,5,3,3,NA,3,5,202.5,139.5
4669,0,0,0,0,NA,4,5,3,1,NA,205.5,139.5
4672,0,0,0,0,0,3,5,4,5,2,214.5,139.5
4686,0,0,0,0,0,5,5,4,1,1,256.5,139.5
4691,0,0,0,0,0,4,2,5,1,1,271.5,139.5
4708,1,1,0,NA,0,3,5,4,NA,5,22.5,142.5
4710,0,1,0,0,0,4,5,3,1,1,28.5,142.5
4712,0,0,NA,0,1,2,3,NA,1,3,34.5,142.5
4719,NA,NA,0,0,NA,NA,NA,1,5,NA,55.5,142.5
4720,1,0,0,NA,0,5,1,2,NA,3,58.5,142.5
4721,0,1,NA,NA,NA,1,5,NA,NA,NA,61.5,142.5
4722,0,0,0,NA,0,5,4,1,NA,1,64.5,142.5
4726,0,NA,0,0,NA,3,NA,2,5,NA,76.5,142.5
4736,0,NA,0,0,NA,5,NA,2,5,NA,106.5,142.5
4739,NA,NA,0,0,0,NA,NA,3,2,3,115.5,142.5
4740,0,0,0,0,0,1,3,1,2,2,118.5,142.5
4745,0,0,0,0,0,5,5,1,3,2,133.5,142.5
4750,0,NA,0,NA,0,1,NA,1,NA,1,148.5,142.5
4760,0,0,NA,0,3,3,1,NA,3,3,178.5,142.5
4761,0,0,0,0,0,2,5,2,3,2,181.5,142.5
4768,0,0,NA,1,0,1,1,NA,2,4,202.5,142.5
4769,0,0,0,0,0,5,4,1,5,2,205.5,142.5
4774,0,0,0,0,0,5,4,3,4,4,220.5,142.5
4780,0,0,0,0,0,2,1,3,3,1,238.5,142.5
4789,0,0,0,0,0,2,1,2,4,1,265.5,142.5
4792,0,0,NA,NA,NA,4,5,NA,NA,NA,274.5,142.5
4795,0,NA,NA,0,0,5,NA,NA,3,5,283.5,142.5
4800,0,0,0,0,0,2,5,5,5,4,298.5,142.5
4801,0,0,0,0,1,3,3,3,4,4,1.5,145.5
4810,NA,0,NA,0,2,NA,2,NA,1,2,28.5,145.5
4815,NA,1,NA,0,0,NA,4,NA,5,4,43.5,145.5
4823,NA,0,NA,1,0,NA,4,NA,4,2,67.5,145.5
4826,NA,0,0,0,0,NA,4,1,2,4,76.5,145.5
4829,0,0,0,0,0,3,4,3,4,3,85.5,145.5
4842,0,0,0,0,1,3,1,3,4,5,124.5,145.5
4844,0,0,NA,0,0,2,5,NA,5,1,130.5,145.5
4852,0,0,0,0,0,1,2,4,4,3,154.5,145.5
4866,0,0,0,0,0,5,4,4,1,4,196.5,145.5
4879,0,0,0,0,0,5,3,4,2,3,235.5,145.5
4880,0,NA,0,0,0,2,NA,1,1,3,238.5,145.5
4883,0,0,0,0,0,1,4,2,2,2,247.5,145.5
4899,0,0,0,0,NA,1,5,3,1,NA,295.5,145.5
4901,0,0,0,0,NA,1,2,5,1,NA,1.5,148.5
4905,NA,0,0,0,NA,NA,5,3,2,NA,13.5,148.5
4906,0,0,0,1,0,3,5,3,1,3,16.5,148.5
4907,0,NA,0,1,2,4,NA,4,1,5,19.5,148.5
4910,2,2,0,0,2,3,5,1,4,5,28.5,148.5
4915,0,0,0,0,1,2,4,4,3,5,43.5,148.5
4921,0,0,0,0,0,4,4,2,2,4,61.5,148.5
4922,0,0,0,0,NA,5,3,1,1,NA,64.5,148.5
4923,0,NA,0,0,0,4,NA,5,5,5,67.5,148.5
4927,0,0,0,1,0,3,4,5,4,5,79.5,148.5
4940,0,0,0,0,0,3,2,4,4,1,118.5,148.5
4945,0,0,0,0,0,5,4,3,3,3,133.5,148.5
4951,NA,0,NA,0,0,NA,1,NA,2,5,151.5,148.5
4955,0,0,NA,0,0,5,5,NA,1,1,163.5,148.5
4963,0,0,0,0,0,4,5,4,3,4,187.5,148.5
4964,0,0,0,4,0,1,1,1,5,3,190.5,148.5
4965,NA,0,0,3,NA,NA,3,4,5,NA,193.5,148.5
4966,0,0,0,0,0,2,1,3,2,3,196.5,148.5
4969,NA,0,0,0,0,NA,1,4,2,5,205.5,148.5
4970,0,2,0,0,0,5,2,4,5,1,208.5,148.5
4975,1,NA,0,0,0,2,NA,2,5,2,223.5,148.5
4976,0,0,0,0,NA,5,1,1,5,NA,226.5,148.5
4977,0,0,0,0,0,2,4,5,2,5,229.5,148.5
4980,0,0,0,NA,0,1,3,2,NA,3,238.5,148.5
4989,0,1,0,0,0,1,5,4,3,2,265.5,148.5
4999,0,0,NA,0,0,1,4,NA,1,2,295.5,148.5
5000,0,0,0,0,0,1,2,5,2,2,298.5,148.5
5008,0,0,0,2,0,2,4,5,4,5,22.5,151.5
5043,0,NA,0,0,0,5,NA,4,5,1,127.5,151.5
5045,0,NA,1,0,0,3,NA,4,1,3,133.5,151.5
5047,0,0,NA,0,0,4,5,NA,2,2,139.5,151.5
5050,2,0,0,0,NA,3,5,5,1,NA,148.5,151.5
5054,0,0,0,0,NA,2,1,1,1,NA,160.5,151.5
5055,0,NA,NA,NA,0,4,NA,NA,NA,4,163.5,151.5
5064,0,NA,0,0,0,2,NA,3,5,4,190.5,151.5
5069,0,NA,3,0,0,2,NA,3,3,3,205.5,151.5
5076,0,0,0,0,0,1,4,1,1,1,226.5,151.5
5080,NA,0,0,0,NA,NA,1,5,1,NA,238.5,151.5
5082,0,0,0,0,NA,3,5,3,1,NA,244.5,151.5
5098,0,0,0,0,0,1,2,2,1,1,292.5,151.5
5101,0,0,0,0,0,5,1,4,1,1,1.5,154.5
5106,0,0,0,NA,0,2,1,1,NA,2,16.5,154.5
5107,0,0,0,0,NA,3,2,5,1,NA,19.5,154.5
5116,0,0,NA,1,0,4,3,NA,1,2,46.5,154.5
5117,0,1,NA,0,1,2,5,NA,2,2,49.5,154.5
5120,0,NA,NA,0,0,5,NA,NA,1,5,58.5,154.5
5132,0,0,0,0,0,2,3,4,4,5,94.5,154.5
5138,0,NA,0,NA,0,4,NA,2,NA,5,112.5,154.5
5147,0,0,0,0,0,1,2,5,4,4,139.5,154.5
5148,0,NA,0,1,1,3,NA,1,3,5,142.5,154.5
5150,0,3,0,NA,0,5,5,4,NA,2,148.5,154.5
5162,0,NA,NA,0,0,5,NA,NA,1,4,184.5,154.5
5165,0,0,0,0,NA,4,2,5,3,NA,193.5,154.5
5166,0,3,0,0,3,2,3,2,2,4,196.5,154.5
5167,0,0,4,0,0,3,2,5,4,2,199.5,154.5
5170,0,0,NA,NA,0,5,4,NA,NA,4,208.5,154.5
5171,NA,NA,0,2,NA,NA,NA,5,3,NA,211.5,154.5
5179,0,0,0,0,NA,2,1,2,4,NA,235.5,154.5
5184,0,0,0,0,0,4,2,3,3,5,250.5,154.5
5187,0,0,0,NA,NA,4,2,5,NA,NA,259.5,154.5
5188,0,0,0,0,0,3,2,3,2,1,262.5,154.5
5196,0,0,0,0,2,5,1,2,2,4,286.5,154.5
5213,0,0,0,0,0,5,1,1,1,1,37.5,157.5
5214,0,0,0,NA,0,1,3,4,NA,4,40.5,157.5
5221,0,0,0,0,0,2,2,4,2,1,61.5,157.5
5228,0,0,0,0,0,4,3,3,2,2,82.5,157.5
5232,1,0,0,0,0,1,4,4,1,5,94.5,157.5
5235,0,0,0,0,NA,5,2,1,2,NA,103.5,157.5
5246,0,0,0,0,0,5,3,4,1,1,136.5,157.5
5250,0,1,NA,0,0,4,5,NA,5,4,148.5,157.5
5254,0,0,NA,0,0,1,5,NA,2,4,160.5,157.5
5255,0,0,1,NA,NA,3,3,3,NA,NA,163.5,157.5
5256,0,NA,0,NA,0,4,NA,1,NA,4,166.5,157.5
5262,0,NA,0,0,0,4,NA,5,1,4,184.5,157.5
5263,NA,NA,0,0,0,NA,NA,1,1,4,187.5,157.5
5264,NA,2,NA,0,NA,NA,2,NA,3,NA,190.5,157.5
5268,NA,0,0,3,0,NA,2,1,4,3,202.5,157.5
5273,0,0,0,0,0,3,4,5,4,3,217.5,157.5
5275,0,0,NA,0,0,1,5,NA,1,4,223.5,157.5
5276,0,NA,0,0,0,4,NA,2,5,5,226.5,157.5
5285,0,0,0,0,0,2,2,3,5,1,253.5,157.5
5287,NA,1,0,NA,NA,NA,3,5,NA,NA,259.5,157.5
5291,0,1,NA,0,0,1,5,NA,2,4,271.5,157.5
5292,0,0,0,NA,NA,3,5,1,NA,NA,274.5,157.5
5293,1,0,1,1,1,4,3,5,3,5,277.5,157.5
5300,NA,0,0,0,0,NA,4,3,3,2,298.5,157.5
5306,NA,1,0,0,0,NA,5,3,2,5,16.5,160.5
5310,0,0,0,0,NA,1,2,4,3,NA,28.5,160.5
5314,0,NA,0,NA,0,3,NA,4,NA,5,40.5,160.5
5315,0,1,2,NA,1,3,3,4,NA,2,43.5,160.5
5324,0,0,0,0,0,5,1,1,2,4,70.5,160.5
5326,0,0,NA,NA,0,5,2,NA,NA,4,76.5,160.5
5329,0,0,0,0,0,3,4,4,5,4,85.5,160.5
5331,NA,0,0,0,NA,NA,3,2,4,NA,91.5,160.5
5333,0,0,2,0,0,5,1,5,2,5,97.5,160.5
5337,0,0,1,0,0,2,1,1,5,1,109.5,160.5
5342,0,0,0,0,NA,3,1,1,1,NA,124.5,160.5
5349,1,0,0,0,0,2,3,4,4,5,145.5,160.5
5350,0,0,1,0,NA,2,4,1,2,NA,148.5,160.5
5351,0,0,0,NA,0,1,2,2,NA,1,151.5,160.5
5352,2,0,1,0,0,5,2,3,5,2,154.5,160.5
5354,4,0,0,0,0,4,1,1,3,5,160.5,160.5
5364,NA,NA,NA,1,0,NA,NA,NA,2,3,190.5,160.5
5367,0,0,0,0,0,3,2,2,1,1,199.5,160.5
5378,NA,0,0,0,0,NA,2,2,1,4,232.5,160.5
5380,NA,0,0,NA,0,NA,3,3,NA,2,238.5,160.5
5392,1,0,0,0,0,2,4,2,5,1,274.5,160.5
5395,0,0,0,0,NA,2,5,1,2,NA,283.5,160.5
5396,0,1,0,0,0,1,2,1,5,3,286.5,160.5
5397,NA,0,0,1,0,NA,4,5,5,4,289.5,160.5
5401,NA,NA,NA,0,0,NA,NA,NA,2,3,1.5,163.5
5405,0,NA,1,1,0,3,NA,4,5,2,13.5,163.5
5409,0,0,NA,0,0,4,4,NA,5,5,25.5,163.5
5418,0,NA,0,1,0,4,NA,1,4,2,52.5,163.5
5419,NA,0,0,0,0,NA,4,3,2,2,55.5,163.5
5425,0,0,NA,0,0,5,5,NA,2,1,73.5,163.5
5432,0,NA,0,0,0,5,NA,4,3,1,94.5,163.5
5439,0,0,0,NA,0,4,2,4,NA,5,115.5,163.5
5440,NA,0,0,0,0,NA,3,2,1,1,118.5,163.5
5443,0,0,0,0,0,1,2,5,1,2,127.5,163.5
5444,NA,NA,0,0,NA,NA,NA,5,1,NA,130.5,163.5
5445,0,0,0,0,0,4,3,3,1,2,133.5,163.5
5447,0,NA,NA,0,0,5,NA,NA,3,3,139.5,163.5
5450,1,0,1,NA,0,3,4,3,NA,1,148.5,163.5
5462,0,0,0,NA,0,4,5,1,NA,2,184.5,163.5
5474,0,0,NA,2,NA,5,1,NA,5,NA,220.5,163.5
5480,0,0,0,NA,0,5,2,5,NA,5,238.5,163.5
5483,NA,0,NA,0,0,NA,5,NA,3,4,247.5,163.5
5484,0,0,NA,0,0,2,3,NA,1,5,250.5,163.5
5485,0,0,2,0,0,3,2,5,4,2,253.5,163.5
5489,0,NA,0,0,0,1,NA,5,4,3,265.5,163.5
5496,0,0,0,0,0,2,2,5,5,2,286.5,163.5
5498,0,1,NA,NA,0,4,1,NA,NA,3,292.5,163.5
5500,0,0,NA,0,0,5,5,NA,1,1,298.5,163.5
5512,0,0,0,NA,1,5,5,2,NA,5,34.5,166.5
5516,0,0,0,0,NA,1,1,1,3,NA,46.5,166.5
5517,0,NA,0,NA,0,1,NA,2,NA,5,49.5,166.5
5520,0,0,0,0,1,1,3,1,3,5,58.5,166.5
5527,0,NA,0,0,0,5,NA,2,4,1,79.5,166.5
5531,0,NA,0,0,0,5,NA,4,2,3,91.5,166.5
5532,1,NA,0,0,0,4,NA,1,3,3,94.5,166.5
5536,0,NA,0,0,0,2,NA,4,3,1,106.5,166.5
5543,0,0,0,0,0,4,4,1,2,5,127.5,166.5
5544,NA,0,NA,NA,0,NA,4,NA,NA,2,130.5,166.5
5545,0,0,0,0,NA,2,3,3,3,NA,133.5,166.5
5549,0,0,NA,NA,0,1,1,NA,NA,4,145.5,166.5
5552,0,0,0,0,1,5,4,4,4,5,154.5,166.5
5557,0,0,0,0,0,5,1,4,2,3,169.5,166.5
5571,3,3,NA,NA,0,3,3,NA,NA,5,211.5,166.5
5573,1,0,NA,NA,0,2,5,NA,NA,4,217.5,166.5
5574,0,NA,NA,0,0,5,NA,NA,2,1,220.5,166.5
5575,NA,0,0,0,NA,NA,3,2,4,NA,223.5,166.5
5577,0,0,0,0,NA,3,3,4,3,NA,229.5,166.5
5578,0,0,2,0,0,2,3,4,3,1,232.5,166.5
5579,0,1,0,NA,0,1,1,2,NA,5,235.5,166.5
5583,0,0,NA,0,0,5,1,NA,4,5,247.5,166.5
5601,0,0,0,0,0,3,5,2,2,1,1.5,169.5
5604,0,NA,0,1,0,1,NA,2,3,5,10.5,169.5
5608,0,0,0,0,NA,1,4,2,2,NA,22.5,169.5
5611,0,0,0,1,0,1,5,5,4,5,31.5,169.5
5631,0,NA,0,NA,0,5,NA,2,NA,4,91.5,169.5
5633,0,0,0,NA,NA,2,5,4,NA,NA,97.5,169.5
5635,0,0,0,0,0,5,3,4,2,2,103.5,169.5
5639,0,NA,0,0,0,3,NA,1,2,2,115.5,169.5
5640,0,0,0,0,0,5,5,1,5,1,118.5,169.5
5647,1,0,0,0,0,2,3,3,3,3,139.5,169.5
5649,0,NA,0,0,NA,1,NA,2,2,NA,145.5,169.5
5654,1,2,NA,NA,0,2,2,NA,NA,3,160.5,169.5
5656,2,0,0,0,0,3,5,3,4,5,166.5,169.5
5661,0,0,0,0,0,1,5,5,1,5,181.5,169.5
5662,0,1,0,0,0,1,1,2,4,3,184.5,169.5
5674,0,0,0,0,NA,5,3,4,4,NA,220.5,169.5
5681,0,1,0,0,0,5,3,4,1,4,241.5,169.5
5687,NA,0,0,0,0,NA,2,5,1,5,259.5,169.5
5690,0,NA,NA,0,1,3,NA,NA,3,5,268.5,169.5
5699,1,NA,0,0,0,3,NA,4,4,2,295.5,169.5
5706,0,NA,0,NA,NA,3,NA,3,NA,NA,16.5,172.5
5717,NA,0,1,0,0,NA,3,5,4,2,49.5,172.5
5719,0,1,0,0,0,4,4,2,1,3,55.5,172.5
5723,NA,0,0,0,NA,NA,5,3,4,NA,67.5,172.5
5724,0,0,0,0,0,5,1,2,2,1,70.5,172.5
5726,0,0,0,NA,0,3,3,5,NA,1,76.5,172.5
5732,0,NA,NA,0,0,4,NA,NA,5,3,94.5,172.5
5740,0,0,0,0,0,1,5,5,1,4,118.5,172.5
5742,0,1,0,NA,0,4,1,2,NA,2,124.5,172.5
5744,NA,NA,0,0,0,NA,NA,1,5,1,130.5,172.5
5747,0,0,0,0,0,1,3,1,4,3,139.5,172.5
5752,0,1,NA,0,0,2,5,NA,4,4,154.5,172.5
5754,0,0,0,0,0,4,1,3,3,4,160.5,172.5
5758,1,0,0,0,0,1,1,5,1,4,172.5,172.5
5768,0,4,0,NA,0,5,5,4,NA,1,202.5,172.5
5769,0,0,0,0,NA,1,2,2,3,NA,205.5,172.5
5771,0,4,0,0,0,4,4,2,2,4,211.5,172.5
5786,NA,0,NA,0,0,NA,3,NA,1,1,256.5,172.5
5787,NA,0,0,0,0,NA,5,1,1,1,259.5,172.5
5790,1,NA,0,0,0,2,NA,2,1,2,268.5,172.5
5801,0,0,0,NA,0,1,3,3,NA,3,1.5,175.5
5806,0,0,0,0,0,4,4,2,3,1,16.5,175.5
5812,0,NA,0,NA,0,2,NA,3,NA,3,34.5,175.5
5816,0,0,0,0,0,3,3,5,4,1,46.5,175.5
5824,0,0,0,0,0,3,2,4,5,2,70.5,175.5
5825,0,NA,0,0,0,4,NA,2,5,2,73.5,175.5
5844,0,0,0,0,0,2,2,4,4,2,130.5,175.5
5851,0,1,0,0,0,2,2,5,4,2,151.5,175.5
5862,0,0,0,0,0,1,3,2,1,4,184.5,175.5
5872,NA,0,NA,0,0,NA,2,NA,1,1,214.5,175.5
5877,1,0,0,0,0,4,1,1,3,2,229.5,175.5
5884,0,0,1,0,0,5,1,2,4,1,250.5,175.5
5889,0,NA,0,0,0,2,NA,2,1,3,265.5,175.5
5892,0,0,0,NA,0,2,3,4,NA,3,274.5,175.5
5896,0,NA,0,NA,0,3,NA,2,NA,2,286.5,175.5
5904,NA,0,0,0,0,NA,5,4,1,1,10.5,178.5
5908,0,1,0,0,0,5,3,5,3,4,22.5,178.5
5913,0,0,0,0,0,3,2,3,4,4,37.5,178.5
5914,0,NA,0,0,0,2,NA,3,3,4,40.5,178.5
5919,0,0,NA,0,0,3,5,NA,5,5,55.5,178.5
5928,0,0,0,0,0,5,1,2,5,4,82.5,178.5
5932,0,NA,0,0,NA,3,NA,4,5,NA,94.5,178.5
5945,0,0,0,NA,0,3,4,1,NA,1,133.5,178.5
5947,1,0,NA,1,0,3,4,NA,4,4,139.5,178.5
5953,0,2,0,0,0,2,4,1,1,2,157.5,178.5
5956,0,0,0,0,0,2,5,2,2,4,166.5,178.5
5963,NA,0,0,0,0,NA,2,1,3,1,187.5,178.5
5966,NA,0,0,0,0,NA,1,5,3,3,196.5,178.5
5969,NA,0,0,0,0,NA,1,4,3,2,205.5,178.5
5970,0,0,5,0,0,5,5,5,5,4,208.5,178.5
5971,0,2,0,0,NA,1,2,2,1,NA,211.5,178.5
5972,0,0,1,0,2,2,4,1,5,5,214.5,178.5
5973,NA,0,0,0,0,NA,1,3,3,3,217.5,178.5
5982,NA,NA,0,0,NA,NA,NA,2,1,NA,244.5,178.5
5984,0,NA,0,0,0,2,NA,5,2,3,250.5,178.5
5997,0,0,1,0,NA,4,5,3,4,NA,289.5,178.5
5999,0,0,0,1,0,5,3,5,1,3,295.5,178.5
6004,0,0,1,0,0,2,3,4,1,1,10.5,181.5
6014,0,2,0,NA,0,2,4,3,NA,1,40.5,181.5
6024,NA,NA,0,NA,0,NA,NA,3,NA,3,70.5,181.5
6027,0,NA,0,NA,0,3,NA,4,NA,4,79.5,181.5
6034,0,0,2,0,0,4,4,4,2,3,100.5,181.5
6038,0,0,NA,NA,0,3,1,NA,NA,4,112.5,181.5
6044,0,0,0,0,0,2,3,5,4,5,130.5,181.5
6046,NA,0,0,0,0,NA,5,5,3,2,136.5,181.5
6049,0,1,1,NA,0,1,3,3,NA,2,145.5,181.5
6053,0,4,0,0,0,2,4,2,3,2,157.5,181.5
6058,3,0,0,NA,0,5,4,4,NA,2,172.5,181.5
6063,0,0,0,0,0,3,4,1,3,3,187.5,181.5
6069,3,0,0,0,NA,4,3,5,2,NA,205.5,181.5
6073,NA,0,0,0,0,NA,1,2,3,2,217.5,181.5
6075,0,3,0,0,0,4,3,1,2,5,223.5,181.5
6080,0,0,0,0,0,1,2,5,3,1,238.5,181.5
6084,NA,0,0,0,0,NA,1,1,2,3,250.5,181.5
6089,0,0,0,0,0,2,1,2,1,5,265.5,181.5
6092,0,0,0,0,0,4,1,1,5,4,274.5,181.5
6093,NA,0,NA,0,0,NA,5,NA,4,1,277.5,181.5
6094,0,0,0,0,0,3,2,3,3,4,280.5,181.5
6096,0,0,0,0,0,2,1,3,2,1,286.5,181.5
6110,0,NA,0,0,0,1,NA,1,1,5,28.5,184.5
6114,0,0,0,0,1,2,3,1,1,1,40.5,184.5
6121,0,0,0,0,NA,2,4,1,3,NA,61.5,184.5
6123,0,0,0,0,0,4,5,2,4,1,67.5,184.5
6133,NA,3,NA,0,0,NA,4,NA,1,5,97.5,184.5
6136,2,0,0,0,1,4,1,1,3,3,106.5,184.5
6144,0,0,0,NA,0,1,1,1,NA,1,130.5,184.5
6146,0,0,1,0,0,5,4,3,5,2,136.5,184.5
6148,0,0,0,0,0,4,5,1,1,3,142.5,184.5
6153,0,0,1,NA,0,2,2,3,NA,5,157.5,184.5
6154,0,0,0,0,2,1,3,1,4,3,160.5,184.5
6155,0,2,0,0,0,1,4,5,3,2,163.5,184.5
6156,0,NA,0,0,NA,2,NA,2,4,NA,166.5,184.5
6157,4,0,0,0,NA,5,4,5,2,NA,169.5,184.5
6161,0,NA,0,0,0,4,NA,1,3,4,181.5,184.5
6162,0,0,0,0,0,5,1,5,3,3,184.5,184.5
6166,0,0,0,0,0,2,4,5,1,3,196.5,184.5
6167,NA,0,0,0,NA,NA,4,5,3,NA,199.5,184.5
6170,0,NA,NA,NA,0,3,NA,NA,NA,3,208.5,184.5
6174,0,NA,0,NA,0,3,NA,5,NA,2,220.5,184.5
6180,0,1,0,NA,0,5,3,3,NA,2,238.5,184.5
6191,0,0,0,0,0,4,5,1,4,2,271.5,184.5
6193,NA,0,0,0,NA,NA,1,3,1,NA,277.5,184.5
6203,NA,NA,0,0,0,NA,NA,4,5,3,7.5,187.5
6214,NA,0,0,NA,0,NA,5,5,NA,2,40.5,187.5
6222,0,0,NA,NA,0,5,1,NA,NA,5,64.5,187.5
6224,0,NA,0,0,0,4,NA,5,4,5,70.5,187.5
6228,NA,NA,NA,0,0,NA,NA,NA,4,4,82.5,187.5
6229,0,0,0,0,0,2,3,4,5,4,85.5,187.5
6230,NA,0,0,0,0,NA,5,1,4,4,88.5,187.5
6232,0,0,0,0,0,5,2,2,4,3,94.5,187.5
6236,0,0,0,0,0,5,1,2,5,2,106.5,187.5
6252,0,2,0,0,0,3,5,5,4,2,154.5,187.5
6253,0,0,0,NA,0,5,5,2,NA,1,157.5,187.5
6264,0,3,NA,0,4,1,5,NA,2,4,190.5,187.5
6266,NA,0,4,0,0,NA,5,5,5,3,196.5,187.5
6267,2,1,NA,NA,0,4,1,NA,NA,5,199.5,187.5
6269,0,0,NA,0,0,5,1,NA,5,3,205.5,187.5
6276,NA,0,0,0,0,NA,2,1,5,1,226.5,187.5
6286,0,0,3,0,0,2,2,4,4,5,256.5,187.5
6295,0,0,1,NA,NA,2,5,3,NA,NA,283.5,187.5
6298,0,1,0,0,0,2,3,5,5,3,292.5,187.5
6301,0,0,0,0,0,5,1,4,5,4,1.5,190.5
6303,1,0,0,0,0,3,5,4,2,3,7.5,190.5
6312,0,1,0,NA,NA,2,1,2,NA,NA,34.5,190.5
6317,NA,0,0,NA,0,NA,4,4,NA,3,49.5,190.5
6318,NA,NA,0,0,0,NA,NA,1,1,1,52.5,190.5
6319,0,0,0,0,NA,2,4,5,1,NA,55.5,190.5
6331,0,0,0,NA,0,3,5,5,NA,3,91.5,190.5
6332,0,4,NA,0,NA,1,4,NA,3,NA,94.5,190.5
6333,0,1,0,0,0,4,2,3,5,1,97.5,190.5
6337,0,3,0,NA,NA,4,3,4,NA,NA,109.5,190.5
6339,1,0,2,2,NA,2,5,3,3,NA,115.5,190.5
6342,0,0,2,0,1,3,5,5,3,3,124.5,190.5
6355,0,NA,0,0,0,5,NA,2,4,4,163.5,190.5
6357,1,NA,0,0,0,4,NA,5,2,4,169.5,190.5
6367,0,0,NA,0,2,5,1,NA,1,2,199.5,190.5
6371,0,3,0,0,3,2,4,5,3,4,211.5,190.5
6372,0,0,0,0,0,3,3,4,2,5,214.5,190.5
6375,0,2,0,0,NA,1,3,2,5,NA,223.5,190.5
6378,0,0,0,0,0,4,5,2,2,4,232.5,190.5
6379,0,0,1,0,0,4,3,4,1,1,235.5,190.5
6384,0,2,0,0,0,4,4,3,5,3,250.5,190.5
6386,0,0,0,0,0,2,1,1,2,5,256.5,190.5
6405,0,0,0,0,0,2,3,2,3,4,13.5,193.5
6409,NA,0,0,0,0,NA,5,1,3,5,25.5,193.5
6413,0,0,NA,0,0,5,3,NA,1,4,37.5,193.5
6419,0,0,0,0,2,1,4,3,4,2,55.5,193.5
6423,NA,0,NA,0,0,NA,5,NA,5,5,67.5,193.5
6424,0,0,NA,0,0,3,2,NA,1,4,70.5,193.5
6428,0,0,0,NA,0,3,5,4,NA,3,82.5,193.5
6431,0,NA,0,0,0,5,NA,1,1,2,91.5,193.5
6433,0,0,0,0,NA,1,2,5,3,NA,97.5,193.5
6434,0,0,0,0,0,4,1,2,4,1,100.5,193.5
6436,NA,0,0,0,0,NA,1,5,1,2,106.5,193.5
6445,0,0,1,NA,0,3,3,3,NA,5,133.5,193.5
6451,0,0,NA,0,0,4,3,NA,3,5,151.5,193.5
6455,0,1,0,NA,0,1,1,1,NA,4,163.5,193.5
6458,2,4,1,0,0,3,4,5,3,4,172.5,193.5
6471,0,0,0,0,0,3,1,1,2,2,211.5,193.5
6478,0,0,0,0,0,4,5,4,4,2,232.5,193.5
6479,0,0,0,0,0,3,5,3,3,5,235.5,193.5
6481,0,0,0,0,0,2,1,3,2,1,241.5,193.5
6484,0,0,0,0,0,5,3,4,1,2,250.5,193.5
6490,0,0,1,1,NA,3,2,3,5,NA,268.5,193.5
6493,0,1,0,0,0,3,2,1,1,5,277.5,193.5
6495,0,1,0,0,0,4,1,3,1,4,283.5,193.5
6496,0,2,1,0,0,3,5,3,2,2,286.5,193.5
6501,0,0,2,0,0,2,1,5,2,1,1.5,196.5
6502,2,0,0,0,0,3,4,5,1,4,4.5,196.5
6503,0,0,2,0,0,2,1,2,5,5,7.5,196.5
6514,NA,0,0,0,0,NA,1,1,1,1,40.5,196.5
6525,0,0,5,0,0,5,4,5,4,5,73.5,196.5
6527,0,4,0,NA,0,1,4,5,NA,2,79.5,196.5
6529,0,0,0,0,0,4,2,3,4,2,85.5,196.5
6530,0,0,0,0,0,5,4,5,3,4,88.5,196.5
6531,0,0,NA,0,0,3,4,NA,3,4,91.5,196.5
6544,0,NA,0,0,0,3,NA,3,4,5,130.5,196.5
6548,0,1,NA,0,0,5,1,NA,2,3,142.5,196.5
6558,0,0,1,0,0,3,4,1,4,3,172.5,196.5
6561,0,0,0,NA,0,4,2,4,NA,2,181.5,196.5
6562,0,0,0,0,0,5,2,5,5,5,184.5,196.5
6566,0,0,0,1,0,5,1,3,4,1,196.5,196.5
6568,0,0,NA,1,0,3,1,NA,2,4,202.5,196.5
6577,0,NA,0,0,0,4,NA,5,5,4,229.5,196.5
6581,0,NA,0,0,0,1,NA,4,1,5,241.5,196.5
6585,0,0,0,0,0,2,1,1,5,3,253.5,196.5
6589,0,0,0,0,0,1,3,2,3,4,265.5,196.5
6593,0,0,3,0,0,4,1,5,4,1,277.5,196.5
6606,0,0,0,0,0,1,3,1,1,5,16.5,199.5
6608,0,0,NA,0,0,4,3,NA,5,2,22.5,199.5
6618,NA,0,NA,0,0,NA,2,NA,2,2,52.5,199.5
6621,0,0,0,0,0,4,4,1,1,5,61.5,199.5
6624,0,0,0,NA,0,2,1,5,NA,5,70.5,199.5
6633,0,NA,NA,0,0,5,NA,NA,1,4,97.5,199.5
6638,0,0,NA,0,0,3,2,NA,2,3,112.5,199.5
6641,0,NA,0,0,NA,4,NA,2,5,NA,121.5,199.5
6648,0,0,1,0,NA,3,1,4,1,NA,142.5,199.5
6649,NA,0,NA,1,0,NA,4,NA,5,4,145.5,199.5
6653,NA,1,0,NA,NA,NA,3,1,NA,NA,157.5,199.5
6659,0,1,0,0,0,5,3,3,1,5,175.5,199.5
6667,0,NA,0,1,0,2,NA,5,1,2,199.5,199.5
6686,0,0,0,NA,0,3,4,1,NA,4,256.5,199.5
6690,0,0,1,NA,NA,5,4,1,NA,NA,268.5,199.5
6694,0,0,0,1,NA,5,3,5,3,NA,280.5,199.5
6697,0,NA,0,0,0,3,NA,5,4,2,289.5,199.5
6704,0,0,NA,0,2,4,2,NA,1,5,10.5,202.5
6715,0,NA,0,0,0,5,NA,2,3,4,43.5,202.5
6722,NA,NA,0,0,0,NA,NA,2,1,1,64.5,202.5
6724,0,NA,0,0,0,2,NA,5,3,5,70.5,202.5
6734,NA,NA,0,0,0,NA,NA,2,5,3,100.5,202.5
6746,0,0,0,NA,0,2,5,5,NA,5,136.5,202.5
6754,1,5,0,1,0,2,5,2,5,2,160.5,202.5
6759,NA,2,0,0,0,NA,4,5,2,3,175.5,202.5
6760,0,0,2,0,NA,4,1,3,4,NA,178.5,202.5
6764,3,NA,NA,0,0,4,NA,NA,2,2,190.5,202.5
6765,0,0,0,0,0,3,4,4,2,1,193.5,202.5
6770,0,3,0,2,0,3,5,3,5,2,208.5,202.5
6773,NA,NA,0,NA,0,NA,NA,5,NA,3,217.5,202.5
6778,0,0,0,0,NA,2,1,1,1,NA,232.5,202.5
6783,0,0,NA,NA,0,4,2,NA,NA,1,247.5,202.5
6784,1,0,0,NA,0,3,3,5,NA,4,250.5,202.5
6790,0,NA,0,0,NA,1,NA,1,5,NA,268.5,202.5
6791,0,0,1,1,0,4,1,4,3,3,271.5,202.5
6792,0,0,0,0,0,2,4,2,1,2,274.5,202.5
6797,NA,0,0,0,0,NA,4,4,2,4,289.5,202.5
6798,NA,NA,0,NA,NA,NA,NA,4,NA,NA,292.5,202.5
6799,0,0,1,NA,0,2,4,1,NA,4,295.5,202.5
6801,4,2,0,0,0,5,4,4,1,4,1.5,205.5
6807,0,0,0,2,1,5,3,2,5,4,19.5,205.5
6808,NA,2,0,0,0,NA,5,4,2,4,22.5,205.5
6809,0,NA,0,NA,0,3,NA,2,NA,4,25.5,205.5
6810,0,0,2,2,0,5,2,4,4,5,28.5,205.5
6818,0,0,NA,NA,0,1,2,NA,NA,1,52.5,205.5
6826,NA,0,0,0,0,NA,2,3,5,4,76.5,205.5
6832,0,0,0,0,0,5,2,4,2,4,94.5,205.5
6835,NA,0,NA,NA,NA,NA,2,NA,NA,NA,103.5,205.5
6838,0,0,0,0,0,1,1,1,2,2,112.5,205.5
6846,0,0,0,0,0,4,2,2,1,4,136.5,205.5
6853,0,0,0,0,0,1,2,2,5,3,157.5,205.5
6866,0,NA,0,0,0,4,NA,3,5,1,196.5,205.5
6870,0,NA,0,0,0,4,NA,4,5,4,208.5,205.5
6874,0,0,0,0,1,5,3,1,1,4,220.5,205.5
6875,1,NA,0,0,0,3,NA,2,4,1,223.5,205.5
6878,0,0,0,0,0,5,1,3,2,2,232.5,205.5
6881,0,0,0,0,0,4,5,2,5,1,241.5,205.5
6883,NA,0,0,0,0,NA,1,5,3,4,247.5,205.5
6892,0,0,1,0,2,1,1,2,4,4,274.5,205.5
6893,0,0,0,0,0,4,1,3,1,1,277.5,205.5
6905,0,0,0,NA,0,5,2,5,NA,5,13.5,208.5
6911,1,3,1,NA,0,1,4,3,NA,1,31.5,208.5
6923,0,NA,0,0,0,5,NA,5,4,3,67.5,208.5
6939,0,0,0,0,NA,4,4,4,1,NA,115.5,208.5
6940,0,NA,0,NA,0,3,NA,3,NA,5,118.5,208.5
6941,0,0,0,0,0,1,5,1,4,2,121.5,208.5
6943,0,NA,0,0,0,4,NA,1,1,1,127.5,208.5
6946,0,0,0,0,0,4,4,2,3,5,136.5,208.5
6953,0,0,NA,NA,0,5,1,NA,NA,4,157.5,208.5
6954,NA,0,0,0,0,NA,3,3,2,5,160.5,208.5
6955,0,0,0,1,0,5,2,1,4,1,163.5,208.5
6959,NA,0,0,0,0,NA,1,5,4,3,175.5,208.5
6964,0,0,0,0,0,5,5,1,2,3,190.5,208.5
6973,0,0,0,0,0,5,2,5,2,2,217.5,208.5
6976,0,NA,0,0,0,2,NA,4,2,5,226.5,208.5
6977,0,0,0,0,NA,3,2,5,3,NA,229.5,208.5
6993,0,0,0,0,0,2,5,4,3,5,277.5,208.5
6994,0,0,1,0,NA,4,5,3,1,NA,280.5,208.5
6996,1,0,1,0,0,2,1,4,5,3,286.5,208.5
7008,1,3,0,5,0,2,5,3,5,5,22.5,211.5
7020,0,NA,0,0,0,5,NA,2,5,2,58.5,211.5
7023,NA,NA,0,0,0,NA,NA,3,2,3,67.5,211.5
7038,0,0,0,NA,0,3,3,2,NA,5,112.5,211.5
7042,NA,0,0,0,0,NA,3,3,5,1,124.5,211.5
7046,0,0,0,0,0,1,5,1,3,1,136.5,211.5
7052,0,NA,0,0,0,1,NA,5,4,5,154.5,211.5
7053,0,0,0,0,NA,3,3,1,5,NA,157.5,211.5
7060,1,0,0,0,0,4,3,2,5,2,178.5,211.5
7071,0,0,0,0,0,3,5,1,1,5,211.5,211.5
7072,NA,0,0,0,0,NA,2,1,1,5,214.5,211.5
7075,NA,0,3,0,0,NA,1,5,3,1,223.5,211.5
7076,0,0,0,0,0,4,1,5,5,2,226.5,211.5
7088,0,0,0,0,0,4,1,2,4,4,262.5,211.5
7092,1,0,0,0,0,5,1,1,2,4,274.5,211.5
7096,NA,0,0,0,0,NA,2,3,2,2,286.5,211.5
7105,0,0,0,0,0,1,2,4,5,1,13.5,214.5
7108,NA,NA,0,0,0,NA,NA,3,3,1,22.5,214.5
7110,0,0,0,0,0,3,3,4,5,4,28.5,214.5
7113,4,1,0,0,0,4,3,4,1,2,37.5,214.5
7114,0,0,NA,NA,0,1,2,NA,NA,5,40.5,214.5
7122,0,2,0,0,0,4,5,5,5,4,64.5,214.5
7125,0,0,2,NA,NA,3,2,4,NA,NA,73.5,214.5
7126,0,1,0,0,3,1,3,1,5,5,76.5,214.5
7133,1,0,0,0,0,4,4,5,3,3,97.5,214.5
7145,NA,1,NA,0,0,NA,2,NA,4,5,133.5,214.5
7146,0,0,0,0,0,5,3,1,5,4,136.5,214.5
7147,0,0,0,1,NA,2,5,3,3,NA,139.5,214.5
7149,0,0,NA,0,0,2,4,NA,5,4,145.5,214.5
7150,NA,0,NA,0,0,NA,4,NA,4,4,148.5,214.5
7159,0,0,NA,NA,0,1,3,NA,NA,3,175.5,214.5
7163,NA,NA,0,0,0,NA,NA,1,3,4,187.5,214.5
7166,0,0,0,0,NA,4,5,2,1,NA,196.5,214.5
7174,0,0,0,0,0,4,3,2,1,3,220.5,214.5
7175,0,0,0,0,0,2,4,2,5,1,223.5,214.5
7195,0,0,0,0,0,1,4,3,4,4,283.5,214.5
7197,0,0,NA,NA,0,1,4,NA,NA,3,289.5,214.5
7201,NA,0,2,0,NA,NA,5,5,5,NA,1.5,217.5
7203,1,0,2,NA,NA,5,3,3,NA,NA,7.5,217.5
7208,0,0,0,4,0,5,3,2,4,4,22.5,217.5
7227,0,2,0,0,0,1,5,1,1,4,79.5,217.5
7228,0,NA,0,NA,1,2,NA,5,NA,1,82.5,217.5
7244,0,0,0,0,0,5,2,3,5,5,130.5,217.5
7246,0,0,0,0,0,1,2,3,2,3,136.5,217.5
7258,NA,0,0,0,0,NA,3,1,3,5,172.5,217.5
7260,0,0,0,0,0,4,3,1,1,2,178.5,217.5
7261,0,0,1,0,0,4,5,5,4,1,181.5,217.5
7268,0,0,0,0,0,5,2,2,4,3,202.5,217.5
7276,0,0,0,1,0,4,3,5,2,2,226.5,217.5
7282,0,0,1,NA,0,2,5,5,NA,2,244.5,217.5
7286,0,NA,0,0,0,4,NA,1,3,1,256.5,217.5
7293,NA,0,NA,0,0,NA,2,NA,2,4,277.5,217.5
7296,2,0,0,0,0,3,3,4,1,2,286.5,217.5
7299,0,0,0,NA,NA,4,4,4,NA,NA,295.5,217.5
7303,0,0,0,0,2,5,2,3,2,3,7.5,220.5
7304,2,NA,0,0,NA,2,NA,1,1,NA,10.5,220.5
7307,0,0,0,0,0,1,4,4,5,4,19.5,220.5
7308,0,2,0,0,NA,4,5,4,3,NA,22.5,220.5
7315,0,2,0,0,NA,2,2,4,1,NA,43.5,220.5
7324,0,NA,0,0,0,1,NA,1,1,1,70.5,220.5
7329,0,0,0,1,0,1,2,4,4,5,85.5,220.5
7330,0,NA,0,0,1,1,NA,4,4,5,88.5,220.5
7337,NA,0,1,0,0,NA,4,4,3,4,109.5,220.5
7347,0,0,0,0,0,1,3,4,5,2,139.5,220.5
7353,NA,0,0,0,NA,NA,1,1,1,NA,157.5,220.5
7359,1,0,0,0,0,4,1,5,2,3,175.5,220.5
7373,0,1,0,0,NA,5,1,2,1,NA,217.5,220.5
7378,0,0,0,1,0,5,3,2,4,3,232.5,220.5
7389,0,0,0,NA,0,5,3,1,NA,4,265.5,220.5
7394,NA,0,0,0,1,NA,4,1,4,4,280.5,220.5
7397,0,0,0,1,0,3,1,2,5,5,289.5,220.5
7400,0,0,0,0,0,2,5,5,1,1,298.5,220.5
7412,0,NA,0,0,1,3,NA,2,2,1,34.5,223.5
7414,4,4,0,0,NA,4,4,1,3,NA,40.5,223.5
7415,NA,0,0,NA,0,NA,3,3,NA,4,43.5,223.5
7416,0,0,0,0,0,1,3,5,1,4,46.5,223.5
7417,0,0,0,0,0,3,1,4,5,3,49.5,223.5
7418,0,0,0,0,0,5,4,5,2,1,52.5,223.5
7429,0,0,1,0,0,2,2,3,1,2,85.5,223.5
7434,0,NA,NA,0,0,1,NA,NA,1,3,100.5,223.5
7436,0,0,0,NA,0,4,5,5,NA,2,106.5,223.5
7437,NA,0,NA,NA,0,NA,4,NA,NA,2,109.5,223.5
7442,0,0,1,0,0,3,1,4,3,2,124.5,223.5
7447,NA,0,0,0,0,NA,5,2,4,1,139.5,223.5
7449,0,0,0,NA,0,1,2,2,NA,5,145.5,223.5
7453,0,NA,0,NA,0,3,NA,1,NA,2,157.5,223.5
7457,1,2,0,NA,0,5,2,3,NA,2,169.5,223.5
7463,NA,0,0,0,0,NA,4,5,4,3,187.5,223.5
7472,0,2,NA,0,NA,3,5,NA,2,NA,214.5,223.5
7478,NA,0,0,0,NA,NA,3,2,4,NA,232.5,223.5
7480,1,0,1,0,0,4,2,4,3,2,238.5,223.5
7482,0,0,0,0,0,2,5,2,1,2,244.5,223.5
7485,0,0,NA,0,0,2,3,NA,5,4,253.5,223.5
7488,0,NA,1,0,0,1,NA,5,5,1,262.5,223.5
7497,0,0,0,NA,1,2,4,3,NA,5,289.5,223.5
7498,1,0,0,0,0,5,5,4,3,5,292.5,223.5
7500,1,1,0,0,0,3,3,4,1,3,298.5,223.5
7504,0,NA,0,NA,0,3,NA,4,NA,5,10.5,226.5
7507,0,NA,0,0,4,1,NA,1,5,4,19.5,226.5
7510,0,0,0,0,NA,5,5,3,4,NA,28.5,226.5
7511,NA,4,0,NA,NA,NA,4,3,NA,NA,31.5,226.5
7512,0,1,0,0,0,3,1,1,4,1,34.5,226.5
7521,0,0,0,NA,NA,3,5,4,NA,NA,61.5,226.5
7530,NA,0,1,0,1,NA,1,3,5,5,88.5,226.5
7531,0,0,0,NA,0,1,3,1,NA,3,91.5,226.5
7534,NA,0,NA,0,0,NA,1,NA,1,4,100.5,226.5
7545,0,0,NA,0,0,4,4,NA,1,4,133.5,226.5
7546,NA,0,0,0,0,NA,5,1,4,3,136.5,226.5
7566,0,0,0,0,NA,4,4,2,2,NA,196.5,226.5
7568,0,0,0,0,0,1,3,3,5,1,202.5,226.5
7571,0,0,0,0,0,4,1,3,3,2,211.5,226.5
7573,0,0,0,0,0,3,1,4,5,2,217.5,226.5
7574,0,0,NA,0,0,1,1,NA,5,2,220.5,226.5
7579,0,0,0,0,0,2,4,1,5,2,235.5,226.5
7586,3,0,0,0,0,5,2,1,3,1,256.5,226.5
7587,0,NA,0,NA,0,5,NA,2,NA,3,259.5,226.5
7589,0,0,0,0,0,5,5,2,3,2,265.5,226.5
7593,1,0,1,0,0,3,4,2,1,4,277.5,226.5
7594,0,0,0,NA,NA,5,4,3,NA,NA,280.5,226.5
7601,0,2,0,1,NA,3,2,1,1,NA,1.5,229.5
7614,NA,0,0,5,NA,NA,5,1,5,NA,40.5,229.5
7624,0,2,0,0,0,1,4,4,4,5,70.5,229.5
7627,0,2,1,0,NA,1,4,3,4,NA,79.5,229.5
7631,0,0,0,0,2,4,5,1,1,4,91.5,229.5
7632,0,0,0,NA,0,3,5,2,NA,2,94.5,229.5
7634,0,0,0,0,0,1,4,2,5,3,100.5,229.5
7637,0,0,NA,0,0,2,3,NA,4,2,109.5,229.5
7638,NA,0,0,0,0,NA,2,2,2,4,112.5,229.5
7656,0,NA,0,0,0,3,NA,1,3,3,166.5,229.5
7659,0,0,0,0,0,4,5,1,2,5,175.5,229.5
7661,0,0,0,0,0,3,5,2,3,2,181.5,229.5
7665,NA,0,0,NA,0,NA,1,3,NA,4,193.5,229.5
7678,0,0,1,0,0,2,3,3,1,5,232.5,229.5
7680,NA,0,0,NA,0,NA,3,2,NA,4,238.5,229.5
7683,2,0,0,0,0,3,4,3,4,5,247.5,229.5
7688,0,0,0,0,0,4,5,3,2,4,262.5,229.5
7690,1,0,0,NA,NA,5,3,3,NA,NA,268.5,229.5
7691,0,0,0,0,NA,3,1,2,1,NA,271.5,229.5
7698,0,NA,0,NA,0,1,NA,3,NA,3,292.5,229.5
7699,0,0,NA,0,0,1,3,NA,3,1,295.5,229.5
7701,0,3,0,0,0,1,3,2,5,1,1.5,232.5
7707,0,0,0,3,0,5,5,3,3,4,19.5,232.5
7709,0,0,0,0,0,4,5,2,4,2,25.5,232.5
7715,0,NA,0,0,0,1,NA,2,4,1,43.5,232.5
7725,NA,NA,0,0,0,NA,NA,1,5,5,73.5,232.5
7732,0,0,1,0,0,3,4,5,2,3,94.5,232.5
7743,0,0,1,0,0,5,2,2,1,5,127.5,232.5
7744,0,0,NA,0,0,4,2,NA,3,1,130.5,232.5
7752,0,0,0,NA,NA,1,2,1,NA,NA,154.5,232.5
7772,0,NA,0,0,NA,5,NA,3,4,NA,214.5,232.5
7775,0,NA,NA,0,0,5,NA,NA,4,3,223.5,232.5
7782,0,0,NA,0,0,4,3,NA,4,4,244.5,232.5
7796,1,NA,0,0,0,5,NA,1,5,4,286.5,232.5
7803,0,0,0,0,2,5,5,2,1,2,7.5,235.5
7809,1,NA,0,NA,0,1,NA,4,NA,1,25.5,235.5
7810,1,0,0,NA,0,1,4,1,NA,2,28.5,235.5
7811,NA,5,0,0,0,NA,5,4,3,4,31.5,235.5
7812,NA,NA,0,0,NA,NA,NA,5,4,NA,34.5,235.5
7817,NA,0,0,0,0,NA,3,1,1,5,49.5,235.5
7819,0,NA,0,0,0,2,NA,5,4,1,55.5,235.5
7823,0,0,0,0,NA,3,5,5,5,NA,67.5,235.5
7841,0,0,1,0,0,5,1,2,5,4,121.5,235.5
7844,2,NA,0,NA,0,3,NA,5,NA,2,130.5,235.5
7851,0,0,0,0,0,1,4,3,1,3,151.5,235.5
7853,0,0,1,NA,0,5,2,5,NA,4,157.5,235.5
7854,NA,0,1,NA,0,NA,4,2,NA,3,160.5,235.5
7857,0,NA,NA,0,NA,4,NA,NA,5,NA,169.5,235.5
7859,0,0,0,0,0,4,3,1,1,3,175.5,235.5
7863,0,0,0,0,NA,2,5,1,1,NA,187.5,235.5
7865,NA,1,NA,0,NA,NA,4,NA,4,NA,193.5,235.5
7869,0,0,0,0,0,5,1,3,1,2,205.5,235.5
7871,0,0,NA,0,0,4,1,NA,2,2,211.5,235.5
7873,0,0,0,0,0,2,3,5,1,2,217.5,235.5
7887,NA,NA,0,0,1,NA,NA,3,2,2,259.5,235.5
7889,0,0,0,0,0,2,3,3,5,3,265.5,235.5
7890,0,NA,0,1,0,2,NA,2,4,5,268.5,235.5
7897,0,NA,NA,0,0,2,NA,NA,1,5,289.5,235.5
7898,0,0,0,1,0,5,2,2,5,4,292.5,235.5
7908,1,NA,0,0,0,1,NA,4,1,5,22.5,238.5
7909,0,4,2,0,0,1,4,2,2,1,25.5,238.5
7910,2,2,0,0,0,2,2,4,2,5,28.5,238.5
7919,NA,0,0,0,0,NA,4,4,1,2,55.5,238.5
7927,1,0,NA,NA,0,4,3,NA,NA,3,79.5,238.5
7929,1,0,0,0,3,3,2,1,1,5,85.5,238.5
7931,0,0,NA,3,NA,3,2,NA,3,NA,91.5,238.5
7932,0,2,0,0,0,1,5,4,2,2,94.5,238.5
7943,0,NA,0,NA,0,2,NA,2,NA,2,127.5,238.5
7948,0,0,0,0,0,5,3,2,3,4,142.5,238.5
7949,NA,0,NA,NA,NA,NA,4,NA,NA,NA,145.5,238.5
7950,0,0,0,NA,0,4,1,2,NA,3,148.5,238.5
7952,0,0,0,0,0,1,5,3,4,3,154.5,238.5
7954,0,NA,0,0,0,2,NA,3,2,2,160.5,238.5
7956,0,0,0,NA,0,3,4,2,NA,2,166.5,238.5
7957,0,0,0,0,0,5,3,4,5,2,169.5,238.5
7965,0,0,NA,0,0,5,2,NA,2,3,193.5,238.5
7971,NA,0,0,0,1,NA,5,3,5,4,211.5,238.5
7974,NA,0,0,0,0,NA,1,5,1,5,220.5,238.5
7977,0,NA,NA,NA,0,1,NA,NA,NA,5,229.5,238.5
7981,0,0,0,0,0,4,1,4,3,1,241.5,238.5
7985,0,0,0,0,0,2,3,5,3,5,253.5,238.5
8004,0,0,0,0,0,1,4,3,5,1,10.5,241.5
8005,0,0,NA,0,5,1,4,NA,3,5,13.5,241.5
8007,0,0,NA,0,0,4,2,NA,2,1,19.5,241.5
8008,1,NA,NA,NA,0,1,NA,NA,NA,1,22.5,241.5
8013,0,NA,0,0,0,4,NA,1,2,5,37.5,241.5
8014,0,4,0,0,0,1,5,2,3,1,40.5,241.5
8029,0,0,0,0,0,5,1,2,4,1,85.5,241.5
8034,0,0,0,0,0,1,5,1,4,2,100.5,241.5
8038,0,NA,0,0,2,1,NA,4,1,4,112.5,241.5
8040,0,0,0,0,1,4,1,3,1,2,118.5,241.5
8041,1,0,0,0,0,2,3,3,5,3,121.5,241.5
8046,0,NA,1,0,NA,5,NA,5,4,NA,136.5,241.5
8049,NA,0,NA,0,0,NA,1,NA,1,3,145.5,241.5
8053,0,NA,0,0,0,3,NA,4,5,2,157.5,241.5
8062,0,NA,0,0,0,5,NA,1,1,1,184.5,241.5
8063,0,0,0,NA,0,2,2,2,NA,1,187.5,241.5
8068,0,0,0,0,0,5,2,2,5,1,202.5,241.5
8075,0,NA,0,0,0,4,NA,2,3,4,223.5,241.5
8080,0,0,NA,0,0,5,5,NA,5,2,238.5,241.5
8091,0,0,0,NA,0,4,5,1,NA,5,271.5,241.5
8103,0,0,NA,NA,0,4,3,NA,NA,1,7.5,244.5
8106,0,NA,0,5,1,4,NA,5,5,1,16.5,244.5
8109,2,1,0,2,0,2,1,1,2,1,25.5,244.5
8112,0,0,0,0,3,2,2,1,4,3,34.5,244.5
8113,4,0,5,0,0,4,1,5,2,5,37.5,244.5
8120,NA,0,0,0,0,NA,1,3,5,1,58.5,244.5
8130,0,0,NA,2,0,1,2,NA,3,5,88.5,244.5
8131,0,0,0,0,0,3,5,3,2,2,91.5,244.5
8136,NA,0,2,0,0,NA,3,3,5,5,106.5,244.5
8137,NA,0,0,0,0,NA,1,1,2,2,109.5,244.5
8143,0,0,0,0,NA,4,2,3,3,NA,127.5,244.5
8148,0,0,0,0,0,1,2,1,4,5,142.5,244.5
8153,0,0,0,0,0,1,2,2,2,1,157.5,244.5
8158,0,0,0,0,NA,5,4,1,2,NA,172.5,244.5
8168,0,1,1,0,NA,4,4,4,3,NA,202.5,244.5
8169,NA,NA,0,0,0,NA,NA,5,3,5,205.5,244.5
8180,NA,0,0,NA,0,NA,5,3,NA,3,238.5,244.5
8186,0,0,0,NA,0,4,1,1,NA,2,256.5,244.5
8192,0,1,0,NA,0,4,5,2,NA,3,274.5,244.5
8194,0,0,NA,0,1,5,1,NA,2,2,280.5,244.5
8199,0,0,0,0,NA,3,4,1,3,NA,295.5,244.5
8200,0,0,0,0,0,5,1,4,2,2,298.5,244.5
8201,0,1,0,NA,0,5,1,2,NA,4,1.5,247.5
8207,0,0,0,0,3,1,4,2,3,4,19.5,247.5
8214,0,0,NA,0,NA,1,3,NA,1,NA,40.5,247.5
8222,0,0,0,0,0,4,4,5,1,4,64.5,247.5
8228,0,0,0,0,NA,5,4,4,5,NA,82.5,247.5
8230,NA,0,0,NA,0,NA,4,2,NA,3,88.5,247.5
8232,0,NA,NA,NA,0,1,NA,NA,NA,3,94.5,247.5
8234,0,0,0,0,1,5,1,5,2,1,100.5,247.5
8238,0,NA,NA,0,0,3,NA,NA,1,5,112.5,247.5
8245,0,NA,0,0,0,3,NA,1,3,5,133.5,247.5
8246,0,0,0,0,0,2,3,3,3,3,136.5,247.5
8253,0,0,0,0,0,5,4,4,1,1,157.5,247.5
8259,0,0,0,NA,0,4,3,5,NA,2,175.5,247.5
8264,0,NA,1,0,NA,2,NA,5,2,NA,190.5,247.5
8267,0,0,0,0,0,1,1,4,2,5,199.5,247.5
8269,0,0,0,0,NA,2,2,4,5,NA,205.5,247.5
8271,0,0,0,NA,0,1,1,1,NA,5,211.5,247.5
8277,0,0,0,NA,NA,1,2,4,NA,NA,229.5,247.5
8290,NA,0,2,0,NA,NA,4,3,2,NA,268.5,247.5
8298,0,0,0,0,0,5,5,2,2,2,292.5,247.5
8300,0,0,0,NA,0,3,2,1,NA,4,298.5,247.5
8301,2,0,0,0,NA,2,3,1,2,NA,1.5,250.5
8312,0,0,0,0,0,3,5,1,1,2,34.5,250.5
8314,0,0,0,0,0,3,1,2,2,2,40.5,250.5
8320,0,0,1,0,NA,3,4,1,1,NA,58.5,250.5
8321,1,0,0,0,0,3,1,4,4,2,61.5,250.5
8322,0,0,0,0,NA,1,1,4,1,NA,64.5,250.5
8323,0,0,0,0,0,1,5,3,5,5,67.5,250.5
8331,0,2,0,0,0,4,4,3,5,2,91.5,250.5
8332,0,0,0,0,0,5,5,4,2,4,94.5,250.5
8334,0,0,0,0,0,3,4,1,2,2,100.5,250.5
8342,NA,0,0,0,0,NA,1,2,5,3,124.5,250.5
8347,NA,0,0,0,NA,NA,4,3,3,NA,139.5,250.5
8349,0,NA,0,NA,0,1,NA,3,NA,1,145.5,250.5
8356,0,0,0,0,0,4,1,5,3,2,166.5,250.5
8358,0,0,0,0,NA,4,3,3,5,NA,172.5,250.5
8359,0,0,0,0,0,5,2,3,4,2,175.5,250.5
8361,0,NA,0,NA,0,5,NA,4,NA,2,181.5,250.5
8364,0,NA,0,0,0,3,NA,2,1,2,190.5,250.5
8365,0,0,0,NA,NA,5,2,4,NA,NA,193.5,250.5
8368,0,0,0,0,0,1,4,4,2,5,202.5,250.5
8371,0,0,1,NA,0,2,5,5,NA,5,211.5,250.5
8380,NA,NA,0,0,0,NA,NA,2,2,5,238.5,250.5
8382,0,0,0,0,NA,4,5,3,3,NA,244.5,250.5
8389,0,0,0,0,0,1,3,1,1,1,265.5,250.5
8395,0,0,0,0,0,3,1,5,2,2,283.5,250.5
8397,0,0,2,0,0,5,1,4,3,1,289.5,250.5
8403,0,0,0,NA,0,5,1,5,NA,4,7.5,253.5
8404,1,0,0,0,NA,1,3,3,5,NA,10.5,253.5
8407,3,NA,0,0,0,3,NA,1,2,4,19.5,253.5
8414,NA,0,NA,0,0,NA,4,NA,4,5,40.5,253.5
8415,0,0,0,NA,NA,3,2,5,NA,NA,43.5,253.5
8416,0,0,0,NA,0,1,4,4,NA,2,46.5,253.5
8419,NA,0,0,0,0,NA,5,5,4,5,55.5,253.5
8421,0,0,NA,4,0,1,5,NA,5,3,61.5,253.5
8433,0,0,NA,2,NA,4,1,NA,4,NA,97.5,253.5
8442,0,0,0,0,0,5,3,1,1,2,124.5,253.5
8444,0,0,0,0,0,4,5,4,3,5,130.5,253.5
8450,0,0,0,0,0,3,4,5,4,4,148.5,253.5
8452,0,0,0,0,0,5,5,5,1,4,154.5,253.5
8453,0,0,0,2,0,2,4,3,3,4,157.5,253.5
8455,0,0,0,0,0,4,5,1,2,4,163.5,253.5
8462,NA,0,NA,0,1,NA,1,NA,4,3,184.5,253.5
8492,0,0,0,0,0,1,3,3,4,4,274.5,253.5
8494,0,0,NA,0,NA,4,1,NA,4,NA,280.5,253.5
8495,2,NA,0,0,NA,5,NA,4,3,NA,283.5,253.5
8505,0,0,0,0,NA,1,1,4,1,NA,13.5,256.5
8512,0,0,0,0,2,3,5,1,5,3,34.5,256.5
8516,0,0,NA,0,0,2,2,NA,4,4,46.5,256.5
8517,NA,0,NA,0,0,NA,4,NA,2,2,49.5,256.5
8532,2,0,0,1,0,5,5,1,3,4,94.5,256.5
8536,0,0,1,0,0,4,1,5,3,4,106.5,256.5
8541,0,0,0,1,0,2,5,4,3,4,121.5,256.5
8544,0,0,NA,0,0,2,5,NA,1,1,130.5,256.5
8546,0,NA,0,0,0,1,NA,1,4,5,136.5,256.5
8547,0,NA,NA,0,0,2,NA,NA,5,3,139.5,256.5
8552,0,0,0,NA,0,5,2,3,NA,5,154.5,256.5
8567,0,0,NA,0,1,3,2,NA,1,4,199.5,256.5
8577,0,NA,NA,0,NA,4,NA,NA,1,NA,229.5,256.5
8579,0,0,0,0,0,4,5,4,4,2,235.5,256.5
8589,0,0,0,0,0,4,5,5,1,5,265.5,256.5
8598,NA,0,0,0,0,NA,1,5,4,3,292.5,256.5
8601,0,0,0,0,0,1,3,2,5,4,1.5,259.5
8608,2,0,0,4,0,2,3,2,4,4,22.5,259.5
8613,NA,4,0,0,2,NA,4,5,3,3,37.5,259.5
8624,NA,0,NA,0,NA,NA,3,NA,4,NA,70.5,259.5
8626,0,0,1,1,0,3,4,5,3,5,76.5,259.5
8632,0,NA,0,NA,0,4,NA,3,NA,2,94.5,259.5
8637,0,0,0,0,NA,2,4,4,4,NA,109.5,259.5
8639,0,0,NA,0,0,4,2,NA,4,4,115.5,259.5
8644,0,0,0,NA,0,3,2,4,NA,5,130.5,259.5
8654,0,0,0,0,0,3,5,4,1,1,160.5,259.5
8659,0,0,0,NA,0,1,2,3,NA,4,175.5,259.5
8676,0,0,0,0,NA,3,1,4,5,NA,226.5,259.5
8677,0,NA,0,0,0,4,NA,1,1,5,229.5,259.5
8680,0,NA,0,0,0,3,NA,3,4,5,238.5,259.5
8686,1,0,NA,0,0,2,2,NA,5,3,256.5,259.5
8697,0,0,0,0,0,2,2,5,2,4,289.5,259.5
8699,0,NA,NA,0,0,1,NA,NA,3,4,295.5,259.5
8706,0,2,0,0,NA,4,2,5,2,NA,16.5,262.5
8712,0,NA,0,0,0,5,NA,1,5,5,34.5,262.5
8713,2,NA,0,0,NA,2,NA,4,5,NA,37.5,262.5
8714,NA,0,0,0,0,NA,4,4,5,3,40.5,262.5
8716,0,0,NA,NA,0,3,4,NA,NA,4,46.5,262.5
8721,0,3,0,0,NA,2,3,1,1,NA,61.5,262.5
8726,0,0,NA,NA,0,5,3,NA,NA,5,76.5,262.5
8731,1,0,0,0,0,5,5,5,4,4,91.5,262.5
8733,0,0,NA,NA,0,2,3,NA,NA,5,97.5,262.5
8745,0,0,0,0,0,2,2,1,2,1,133.5,262.5
8756,0,0,NA,0,0,3,1,NA,1,1,166.5,262.5
8758,0,0,0,NA,0,5,2,3,NA,3,172.5,262.5
8760,0,NA,0,0,0,1,NA,2,2,5,178.5,262.5
8762,0,0,0,0,NA,5,4,1,4,NA,184.5,262.5
8764,0,NA,NA,NA,0,1,NA,NA,NA,2,190.5,262.5
8778,0,0,0,NA,NA,4,3,5,NA,NA,232.5,262.5
8781,0,0,0,NA,0,4,5,1,NA,4,241.5,262.5
8808,0,3,2,0,0,5,4,2,5,1,22.5,265.5
8811,0,NA,NA,0,1,1,NA,NA,4,1,31.5,265.5
8820,0,0,0,0,NA,2,2,4,2,NA,58.5,265.5
8822,0,0,0,NA,0,4,1,2,NA,3,64.5,265.5
8823,0,NA,0,0,NA,1,NA,1,3,NA,67.5,265.5
8830,0,0,0,1,NA,1,3,4,5,NA,88.5,265.5
8836,NA,NA,NA,0,NA,NA,NA,NA,1,NA,106.5,265.5
8843,0,0,0,0,1,4,3,2,4,3,127.5,265.5
8849,0,0,NA,NA,0,1,4,NA,NA,3,145.5,265.5
8856,0,0,0,NA,0,3,4,3,NA,3,166.5,265.5
8862,0,0,NA,NA,0,2,2,NA,NA,1,184.5,265.5
8864,0,0,0,0,0,4,1,1,4,2,190.5,265.5
8866,0,NA,NA,0,0,3,NA,NA,3,1,196.5,265.5
8872,0,0,0,0,NA,5,1,3,4,NA,214.5,265.5
8873,0,0,0,0,0,5,3,2,5,4,217.5,265.5
8874,NA,NA,0,0,0,NA,NA,2,1,5,220.5,265.5
8879,0,0,0,0,0,1,5,4,3,1,235.5,265.5
8881,0,0,NA,0,0,2,1,NA,1,2,241.5,265.5
8882,0,0,0,NA,0,5,5,4,NA,1,244.5,265.5
8886,0,0,0,0,0,5,5,3,2,4,256.5,265.5
8887,0,0,NA,0,NA,4,1,NA,2,NA,259.5,265.5
8891,0,0,0,NA,NA,4,4,3,NA,NA,271.5,265.5
8896,0,NA,0,0,0,5,NA,4,3,5,286.5,265.5
8899,0,2,NA,0,0,4,5,NA,2,2,295.5,265.5
8903,3,0,0,0,NA,4,3,2,2,NA,7.5,268.5
8914,1,2,0,NA,0,2,2,4,NA,1,40.5,268.5
8926,0,0,NA,0,1,2,4,NA,1,3,76.5,268.5
8931,0,0,0,NA,0,5,2,1,NA,3,91.5,268.5
8936,0,0,1,0,0,5,2,2,5,4,106.5,268.5
8939,0,0,0,0,0,2,3,1,5,4,115.5,268.5
8942,0,0,0,0,0,5,2,5,3,4,124.5,268.5
8943,0,0,0,0,0,4,1,1,5,3,127.5,268.5
8944,NA,NA,0,0,0,NA,NA,1,1,1,130.5,268.5
8953,0,NA,NA,NA,0,5,NA,NA,NA,3,157.5,268.5
8962,0,0,0,0,0,2,3,5,2,5,184.5,268.5
8968,0,0,0,0,0,5,3,5,4,3,202.5,268.5
8970,0,0,0,0,0,5,3,1,1,5,208.5,268.5
8987,NA,0,0,0,0,NA,3,1,5,2,259.5,268.5
8988,0,0,NA,0,0,5,1,NA,1,3,262.5,268.5
9001,5,0,0,1,NA,5,4,5,1,NA,1.5,271.5
9003,0,0,0,NA,0,1,2,5,NA,3,7.5,271.5
9007,3,1,0,0,0,3,1,4,1,4,19.5,271.5
9008,3,0,0,0,4,3,2,3,5,4,22.5,271.5
9012,0,4,0,3,0,2,4,2,3,1,34.5,271.5
9016,2,0,1,0,NA,5,4,1,4,NA,46.5,271.5
9021,0,2,1,0,0,3,4,1,4,5,61.5,271.5
9035,0,NA,0,NA,0,4,NA,3,NA,2,103.5,271.5
9039,0,0,0,1,NA,3,1,1,2,NA,115.5,271.5
9041,0,0,0,0,0,1,4,4,5,4,121.5,271.5
9043,0,0,0,0,0,5,3,2,3,4,127.5,271.5
9049,0,0,0,0,0,3,3,1,5,5,145.5,271.5
9051,NA,0,0,0,0,NA,4,5,2,3,151.5,271.5
9055,0,0,0,NA,0,4,2,5,NA,3,163.5,271.5
9060,NA,0,0,NA,0,NA,2,4,NA,2,178.5,271.5
9063,0,NA,0,0,0,4,NA,3,1,3,187.5,271.5
9072,NA,0,NA,0,NA,NA,5,NA,2,NA,214.5,271.5
9076,0,0,0,0,0,4,5,2,3,1,226.5,271.5
9077,0,0,0,0,0,5,5,5,3,2,229.5,271.5
9080,0,0,0,0,0,5,4,3,3,5,238.5,271.5
9089,0,0,0,0,0,1,1,4,3,3,265.5,271.5
9100,0,0,0,2,0,3,5,1,5,5,298.5,271.5
9106,0,NA,NA,NA,1,1,NA,NA,NA,2,16.5,274.5
9113,2,4,0,0,0,2,5,4,3,4,37.5,274.5
9124,NA,1,0,0,0,NA,3,3,3,3,70.5,274.5
9134,1,NA,0,0,0,4,NA,2,1,2,100.5,274.5
9135,0,1,1,0,0,2,2,1,2,3,103.5,274.5
9137,0,0,NA,2,0,5,3,NA,5,1,109.5,274.5
9139,0,NA,0,1,NA,4,NA,4,4,NA,115.5,274.5
9141,0,NA,0,0,0,5,NA,5,1,3,121.5,274.5
9145,0,0,0,0,0,5,5,1,4,3,133.5,274.5
9151,0,0,0,0,0,5,3,1,1,5,151.5,274.5
9160,0,NA,NA,0,0,2,NA,NA,1,1,178.5,274.5
9175,0,0,0,0,0,3,4,1,4,5,223.5,274.5
9182,0,NA,NA,0,0,1,NA,NA,3,5,244.5,274.5
9201,1,3,0,0,NA,1,5,5,4,NA,1.5,277.5
9212,1,1,0,NA,NA,1,1,3,NA,NA,34.5,277.5
9216,0,2,3,0,0,2,3,4,4,5,46.5,277.5
9220,NA,0,0,0,0,NA,3,4,2,3,58.5,277.5
9227,0,0,1,0,1,4,5,3,3,4,79.5,277.5
9229,0,0,0,1,0,4,1,5,2,1,85.5,277.5
9230,1,1,0,1,0,2,5,1,5,4,88.5,277.5
9231,2,NA,0,0,0,2,NA,3,1,3,91.5,277.5
9233,1,2,0,NA,0,2,2,2,NA,2,97.5,277.5
9242,0,NA,0,0,NA,3,NA,2,5,NA,124.5,277.5
9243,NA,0,NA,0,1,NA,2,NA,5,5,127.5,277.5
9247,0,0,0,0,0,5,3,1,4,3,139.5,277.5
9248,0,0,0,0,0,4,2,4,1,1,142.5,277.5
9250,0,0,0,0,1,1,4,2,4,3,148.5,277.5
9252,NA,1,0,0,0,NA,3,3,1,2,154.5,277.5
9253,0,0,0,0,0,3,4,1,1,4,157.5,277.5
9255,0,0,NA,0,0,4,1,NA,2,2,163.5,277.5
9257,0,0,0,NA,0,5,1,3,NA,4,169.5,277.5
9260,0,0,0,0,0,2,4,2,3,3,178.5,277.5
9262,0,0,0,0,0,2,3,4,4,1,184.5,277.5
9263,0,0,0,0,0,4,2,3,3,3,187.5,277.5
9266,0,NA,0,NA,0,4,NA,4,NA,3,196.5,277.5
9278,0,0,0,0,0,5,2,3,1,3,232.5,277.5
9281,0,0,0,NA,0,1,3,1,NA,1,241.5,277.5
9282,NA,NA,0,0,NA,NA,NA,5,2,NA,244.5,277.5
9290,0,0,0,0,0,2,5,3,3,5,268.5,277.5
9292,0,0,0,0,0,3,4,3,4,3,274.5,277.5
9297,0,0,0,0,0,1,5,4,1,2,289.5,277.5
9305,4,0,NA,0,0,4,4,NA,1,2,13.5,280.5
9306,0,3,2,0,0,5,4,2,2,1,16.5,280.5
9312,0,1,NA,1,0,2,2,NA,1,2,34.5,280.5
9314,NA,1,0,0,0,NA,3,3,4,1,40.5,280.5
9316,0,0,NA,0,0,5,4,NA,1,3,46.5,280.5
9331,0,0,1,2,0,3,1,4,5,1,91.5,280.5
9335,0,0,2,0,0,1,1,4,3,3,103.5,280.5
9336,0,NA,NA,1,0,2,NA,NA,4,4,106.5,280.5
9337,NA,0,0,NA,NA,NA,4,4,NA,NA,109.5,280.5
9339,0,0,0,0,0,1,5,3,1,1,115.5,280.5
9341,0,0,NA,0,0,5,5,NA,5,3,121.5,280.5
9344,0,NA,0,0,0,4,NA,5,4,3,130.5,280.5
9349,0,0,0,0,0,3,5,4,5,1,145.5,280.5
9351,0,0,0,NA,0,1,1,5,NA,2,151.5,280.5
9355,0,0,1,NA,NA,4,5,5,NA,NA,163.5,280.5
9363,0,NA,0,0,0,4,NA,2,3,1,187.5,280.5
9376,0,0,0,NA,0,1,3,1,NA,1,226.5,280.5
9381,0,0,0,0,0,3,1,4,1,4,241.5,280.5
9391,0,0,0,0,0,4,5,5,2,3,271.5,280.5
9394,NA,0,0,0,0,NA,3,5,4,4,280.5,280.5
9399,0,NA,0,1,0,4,NA,3,2,3,295.5,280.5
9408,4,5,0,NA,0,4,5,3,NA,3,22.5,283.5
9413,3,0,0,0,0,5,1,3,3,3,37.5,283.5
9417,0,3,0,0,0,1,5,1,4,4,49.5,283.5
9418,3,0,0,0,0,4,3,1,5,2,52.5,283.5
9421,0,2,0,0,0,1,4,5,1,2,61.5,283.5
9422,0,1,0,0,0,1,3,1,1,1,64.5,283.5
9425,0,1,0,NA,0,2,3,5,NA,2,73.5,283.5
9438,0,0,0,1,NA,3,4,3,2,NA,112.5,283.5
9444,0,0,0,0,0,3,2,4,1,1,130.5,283.5
9448,0,0,NA,0,0,2,2,NA,4,1,142.5,283.5
9457,NA,0,0,0,NA,NA,1,3,3,NA,169.5,283.5
9469,0,0,0,0,NA,2,3,5,1,NA,205.5,283.5
9470,0,NA,0,0,NA,1,NA,1,3,NA,208.5,283.5
9479,NA,0,0,0,0,NA,1,1,4,1,235.5,283.5
9485,0,NA,0,0,0,3,NA,1,4,4,253.5,283.5
9495,0,0,0,0,0,1,1,3,2,1,283.5,283.5
9500,0,0,1,0,0,5,1,3,3,5,298.5,283.5
9505,5,3,0,0,0,5,3,3,4,3,13.5,286.5
9506,1,0,NA,2,0,2,3,NA,2,5,16.5,286.5
9507,0,4,0,0,0,2,5,1,1,3,19.5,286.5
9513,3,3,0,0,0,4,5,1,4,4,37.5,286.5
9531,0,3,0,0,0,3,3,1,2,4,91.5,286.5
9539,0,0,0,2,NA,4,2,4,2,NA,115.5,286.5
9540,0,0,0,0,0,2,4,4,2,2,118.5,286.5
9557,0,NA,0,0,0,2,NA,4,5,5,169.5,286.5
9569,NA,0,0,0,0,NA,3,3,5,4,205.5,286.5
9571,0,0,NA,0,0,2,3,NA,1,5,211.5,286.5
9578,0,0,NA,0,0,2,2,NA,1,2,232.5,286.5
9579,0,0,0,NA,0,3,1,3,NA,5,235.5,286.5
9581,0,0,0,0,0,2,4,4,4,1,241.5,286.5
9584,0,0,0,0,NA,1,1,5,5,NA,250.5,286.5
9590,0,NA,0,0,0,4,NA,2,3,1,268.5,286.5
9596,NA,0,NA,0,0,NA,2,NA,4,5,286.5,286.5
9601,NA,NA,NA,0,0,NA,NA,NA,2,3,1.5,289.5
9609,0,0,0,0,3,2,5,5,5,3,25.5,289.5
9613,2,3,NA,0,NA,4,4,NA,2,NA,37.5,289.5
9617,0,0,2,0,0,3,3,5,5,5,49.5,289.5
9618,NA,NA,0,0,0,NA,NA,2,4,2,52.5,289.5
9631,NA,NA,0,0,0,NA,NA,2,3,1,91.5,289.5
9632,1,NA,0,0,0,5,NA,4,1,3,94.5,289.5
9641,NA,0,0,0,0,NA,1,3,4,3,121.5,289.5
9645,0,0,0,0,0,1,5,1,2,1,133.5,289.5
9653,0,0,0,0,0,1,3,2,2,1,157.5,289.5
9662,0,0,NA,0,0,1,1,NA,3,1,184.5,289.5
9667,0,0,0,0,0,5,4,4,5,1,199.5,289.5
9670,0,0,0,0,0,2,1,4,3,4,208.5,289.5
9671,NA,0,0,0,0,NA,4,5,5,5,211.5,289.5
9672,0,0,0,0,0,3,4,1,4,1,214.5,289.5
9683,0,0,0,0,0,5,4,5,2,3,247.5,289.5
9684,0,0,0,NA,0,3,2,4,NA,3,250.5,289.5
9685,0,0,0,0,NA,5,2,2,1,NA,253.5,289.5
9695,0,0,NA,0,0,5,2,NA,3,5,283.5,289.5
9699,0,0,NA,0,NA,5,1,NA,3,NA,295.5,289.5
9700,0,0,0,0,0,3,1,1,5,4,298.5,289.5
9701,NA,NA,2,3,0,NA,NA,2,3,3,1.5,292.5
9704,NA,0,0,NA,0,NA,1,3,NA,3,10.5,292.5
9707,0,4,0,0,0,1,5,5,3,4,19.5,292.5
9708,NA,0,2,0,0,NA,4,2,3,3,22.5,292.5
9718,2,0,3,NA,0,4,1,3,NA,1,52.5,292.5
9723,2,0,0,0,0,4,2,1,5,5,67.5,292.5
9725,0,0,0,0,0,2,1,2,5,4,73.5,292.5
9727,5,NA,0,0,0,5,NA,2,1,4,79.5,292.5
9729,3,0,0,0,0,4,3,2,5,5,85.5,292.5
9741,0,NA,0,0,1,1,NA,4,4,4,121.5,292.5
9747,NA,0,0,NA,0,NA,5,5,NA,5,139.5,292.5
9756,0,0,0,0,0,3,3,1,3,5,166.5,292.5
9767,0,0,0,0,NA,1,1,5,4,NA,199.5,292.5
9774,0,0,0,0,0,3,5,2,1,5,220.5,292.5
9786,0,NA,0,0,0,5,NA,3,2,2,256.5,292.5
9790,NA,0,0,0,0,NA,5,5,4,3,268.5,292.5
9792,0,NA,0,NA,0,4,NA,1,NA,5,274.5,292.5
9793,0,NA,0,0,0,3,NA,3,1,3,277.5,292.5
9795,0,0,0,0,NA,1,5,4,5,NA,283.5,292.5
9800,0,1,0,0,0,1,3,1,5,2,298.5,292.5
9804,0,NA,NA,0,0,2,NA,NA,2,3,10.5,295.5
9806,0,0,NA,0,0,1,2,NA,5,3,16.5,295.5
9807,0,0,0,0,NA,4,1,5,5,NA,19.5,295.5
9812,0,4,0,0,0,3,4,4,4,5,34.5,295.5
9816,0,0,1,0,0,1,4,2,4,3,46.5,295.5
9819,1,0,NA,0,2,1,3,NA,5,2,55.5,295.5
9825,NA,0,NA,0,0,NA,2,NA,1,2,73.5,295.5
9829,NA,5,0,0,0,NA,5,5,2,4,85.5,295.5
9833,0,0,0,0,NA,3,1,1,4,NA,97.5,295.5
9836,NA,NA,NA,2,0,NA,NA,NA,3,2,106.5,295.5
9848,0,0,0,NA,NA,3,5,5,NA,NA,142.5,295.5
9856,0,0,NA,0,0,5,3,NA,4,4,166.5,295.5
9857,0,0,0,0,0,1,4,4,4,5,169.5,295.5
9861,0,0,0,0,0,4,4,1,2,3,181.5,295.5
9867,0,0,0,0,2,2,4,1,2,3,199.5,295.5
9875,0,0,0,0,0,4,3,1,5,3,223.5,295.5
9893,0,0,0,0,0,2,2,3,5,5,277.5,295.5
9899,0,0,0,0,0,1,3,3,2,2,295.5,295.5
9906,2,5,0,0,0,3,5,2,5,1,16.5,298.5
9908,0,0,0,0,0,1,1,4,1,3,22.5,298.5
9916,4,0,0,0,0,4,3,2,3,4,46.5,298.5
9922,0,0,0,0,0,3,1,4,4,5,64.5,298.5
9924,0,3,0,NA,NA,4,3,1,NA,NA,70.5,298.5
9930,0,2,0,0,0,3,2,5,4,4,88.5,298.5
9932,NA,0,NA,NA,0,NA,1,NA,NA,1,94.5,298.5
9937,0,1,0,NA,0,4,3,3,NA,5,109.5,298.5
9938,0,0,0,0,0,2,5,1,5,4,112.5,298.5
9948,0,0,0,0,0,2,1,1,3,5,142.5,298.5
9950,NA,0,0,0,0,NA,2,4,1,4,148.5,298.5
9957,0,0,0,0,0,1,4,4,3,5,169.5,298.5
9960,NA,0,0,0,0,NA,4,1,4,2,178.5,298.5
9964,0,0,0,0,0,5,3,1,3,1,190.5,298.5
9965,0,0,NA,0,NA,4,1,NA,4,NA,193.5,298.5
9976,0,0,NA,0,0,5,4,NA,2,3,226.5,298.5
9980,0,0,0,0,0,2,1,1,4,3,238.5,298.5
9982,NA,0,0,0,0,NA,4,4,3,1,244.5,298.5
9991,0,0,0,0,0,4,3,4,5,2,271.5,298.5
9994,0,0,0,0,0,5,5,2,1,1,280.5,298.5
9999,0,0,0,0,0,4,2,1,4,3,295.5,298.5
